"fut17_10855","full_transfermarkt_4337","1.0"
"fut17_3817","full_transfermarkt_4941","1.0"
"fut17_4599","full_transfermarkt_1800","1.0"
"fut17_11349","full_transfermarkt_665","1.0"
"fut17_1803","full_transfermarkt_2570","1.0"
"fut17_11260","full_transfermarkt_453","1.0"
"fut17_3165","full_transfermarkt_4843","1.0"
"fut17_2132","full_transfermarkt_3717","1.0"
"fut17_2131","full_transfermarkt_3724","1.0"
"fut17_2130","full_transfermarkt_3735","1.0"
"fut17_12102","full_transfermarkt_2079","1.0"
"fut17_4838","full_transfermarkt_547","1.0"
"fut17_2055","full_transfermarkt_4928","1.0"
"fut17_3907","full_transfermarkt_3819","1.0"
"fut17_329","full_transfermarkt_17","1.0"
"fut17_1109","full_transfermarkt_2612","1.0"
"fut17_1807","full_transfermarkt_1630","1.0"
"fut17_435","full_transfermarkt_126","1.0"
"fut17_8980","full_transfermarkt_938","1.0"
"fut17_1805","full_transfermarkt_1640","1.0"
"fut17_7628","full_transfermarkt_5134","1.0"
"fut17_13445","full_transfermarkt_962","1.0"
"fut17_4058","full_transfermarkt_2818","1.0"
"fut17_9443","full_transfermarkt_864","1.0"
"fut17_291","full_transfermarkt_1225","1.0"
"fut17_1881","full_transfermarkt_619","1.0"
"fut17_3222","full_transfermarkt_2914","1.0"
"fut17_11247","full_transfermarkt_3194","1.0"
"fut17_2168","full_transfermarkt_4707","1.0"
"fut17_660","full_transfermarkt_1432","1.0"
"fut17_11486","full_transfermarkt_778","1.0"
"fut17_11097","full_transfermarkt_2275","1.0"
"fut17_1199","full_transfermarkt_2398","1.0"
"fut17_1849","full_transfermarkt_5013","1.0"
"fut17_3067","full_transfermarkt_4511","1.0"
"fut17_1317","full_transfermarkt_3547","1.0"
"fut17_9211","full_transfermarkt_5219","1.0"
"fut17_8080","full_transfermarkt_5098","1.0"
"fut17_8939","full_transfermarkt_5277","1.0"
"fut17_2340","full_transfermarkt_4659","1.0"
"fut17_5259","full_transfermarkt_4770","1.0"
"fut17_4388","full_transfermarkt_1980","1.0"
"fut17_9057","full_transfermarkt_1190","1.0"
"fut17_2269","full_transfermarkt_1581","1.0"
"fut17_5257","full_transfermarkt_4780","1.0"
"fut17_5263","full_transfermarkt_4766","1.0"
"fut17_10342","full_transfermarkt_5355","1.0"
"fut17_2860","full_transfermarkt_3682","1.0"
"fut17_13550","full_transfermarkt_2065","1.0"
"fut17_11504","full_transfermarkt_4987","1.0"
"fut17_7865","full_transfermarkt_1721","1.0"
"fut17_5823","full_transfermarkt_1919","1.0"
"fut17_7256","full_transfermarkt_5109","1.0"
"fut17_1705","full_transfermarkt_1691","1.0"
"fut17_11348","full_transfermarkt_679","1.0"
"fut17_5264","full_transfermarkt_4761","1.0"
"fut17_1878","full_transfermarkt_165","1.0"
"fut17_1494","full_transfermarkt_68","1.0"
"fut17_9441","full_transfermarkt_2166","1.0"
"fut17_179","full_transfermarkt_1248","1.0"
"fut17_7871","full_transfermarkt_5000","1.0"
"fut17_1065","full_transfermarkt_2524","1.0"
"fut17_135","full_transfermarkt_4449","1.0"
"fut17_9270","full_transfermarkt_3390","1.0"
"fut17_6467","full_transfermarkt_1654","1.0"
"fut17_10562","full_transfermarkt_859","1.0"
"fut17_5797","full_transfermarkt_2276","1.0"
"fut17_311","full_transfermarkt_24","1.0"
"fut17_12228","full_transfermarkt_2244","1.0"
"fut17_176","full_transfermarkt_2440","1.0"
"fut17_2278","full_transfermarkt_1587","1.0"
"fut17_415","full_transfermarkt_4478","1.0"
"fut17_994","full_transfermarkt_326","1.0"
"fut17_4940","full_transfermarkt_1702","1.0"
"fut17_2277","full_transfermarkt_1562","1.0"
"fut17_8282","full_transfermarkt_2039","1.0"
"fut17_820","full_transfermarkt_4592","1.0"
"fut17_11492","full_transfermarkt_5181","1.0"
"fut17_12213","full_transfermarkt_4774","1.0"
"fut17_10289","full_transfermarkt_2294","1.0"
"fut17_3905","full_transfermarkt_3784","1.0"
"fut17_2810","full_transfermarkt_401","1.0"
"fut17_1596","full_transfermarkt_3524","1.0"
"fut17_333","full_transfermarkt_512","1.0"
"fut17_5158","full_transfermarkt_3974","1.0"
"fut17_966","full_transfermarkt_5464","1.0"
"fut17_4482","full_transfermarkt_3832","1.0"
"fut17_14108","full_transfermarkt_1834","1.0"
"fut17_1760","full_transfermarkt_339","1.0"
"fut17_1193","full_transfermarkt_2403","1.0"
"fut17_1576","full_transfermarkt_2450","1.0"
"fut17_9020","full_transfermarkt_458","1.0"
"fut17_10575","full_transfermarkt_4194","1.0"
"fut17_838","full_transfermarkt_4574","1.0"
"fut17_5040","full_transfermarkt_2726","1.0"
"fut17_2218","full_transfermarkt_3761","1.0"
"fut17_10473","full_transfermarkt_1142","1.0"
"fut17_4850","full_transfermarkt_1693","1.0"
"fut17_4073","full_transfermarkt_3354","1.0"
"fut17_154","full_transfermarkt_4445","1.0"
"fut17_11231","full_transfermarkt_3203","1.0"
"fut17_6809","full_transfermarkt_5271","1.0"
"fut17_13444","full_transfermarkt_950","1.0"
"fut17_2173","full_transfermarkt_4693","1.0"
"fut17_8100","full_transfermarkt_556","1.0"
"fut17_8081","full_transfermarkt_5086","1.0"
"fut17_1316","full_transfermarkt_3537","1.0"
"fut17_11347","full_transfermarkt_840","1.0"
"fut17_10472","full_transfermarkt_719","1.0"
"fut17_11235","full_transfermarkt_3193","1.0"
"fut17_1079","full_transfermarkt_3878","1.0"
"fut17_2427","full_transfermarkt_4910","1.0"
"fut17_7583","full_transfermarkt_5042","1.0"
"fut17_10389","full_transfermarkt_4233","1.0"
"fut17_9017","full_transfermarkt_810","1.0"
"fut17_2426","full_transfermarkt_4911","1.0"
"fut17_3211","full_transfermarkt_2927","1.0"
"fut17_296","full_transfermarkt_1222","1.0"
"fut17_2367","full_transfermarkt_442","1.0"
"fut17_5695","full_transfermarkt_2757","1.0"
"fut17_5278","full_transfermarkt_4762","1.0"
"fut17_2099","full_transfermarkt_513","1.0"
"fut17_5012","full_transfermarkt_2853","1.0"
"fut17_7635","full_transfermarkt_5139","1.0"
"fut17_10612","full_transfermarkt_1104","1.0"
"fut17_331","full_transfermarkt_20","1.0"
"fut17_1706","full_transfermarkt_1681","1.0"
"fut17_320","full_transfermarkt_6","1.0"
"fut17_7702","full_transfermarkt_789","1.0"
"fut17_153","full_transfermarkt_1543","1.0"
"fut17_1815","full_transfermarkt_1633","1.0"
"fut17_4942","full_transfermarkt_1716","1.0"
"fut17_11242","full_transfermarkt_2985","1.0"
"fut17_7097","full_transfermarkt_4262","1.0"
"fut17_7245","full_transfermarkt_5212","1.0"
"fut17_8333","full_transfermarkt_2955","1.0"
"fut17_2347","full_transfermarkt_4773","1.0"
"fut17_6002","full_transfermarkt_3035","1.0"
"fut17_1210","full_transfermarkt_2407","1.0"
"fut17_458","full_transfermarkt_1436","1.0"
"fut17_6053","full_transfermarkt_4422","1.0"
"fut17_1580","full_transfermarkt_3521","1.0"
"fut17_2259","full_transfermarkt_3624","1.0"
"fut17_214","full_transfermarkt_1938","1.0"
"fut17_4837","full_transfermarkt_622","1.0"
"fut17_6501","full_transfermarkt_5273","1.0"
"fut17_1814","full_transfermarkt_1621","1.0"
"fut17_990","full_transfermarkt_10","1.0"
"fut17_2049","full_transfermarkt_4822","1.0"
"fut17_195","full_transfermarkt_1227","1.0"
"fut17_258","full_transfermarkt_3712","1.0"
"fut17_3988","full_transfermarkt_2776","1.0"
"fut17_822","full_transfermarkt_4581","1.0"
"fut17_9788","full_transfermarkt_1991","1.0"
"fut17_197","full_transfermarkt_1229","1.0"
"fut17_6711","full_transfermarkt_2974","1.0"
"fut17_8111","full_transfermarkt_552","1.0"
"fut17_9015","full_transfermarkt_833","1.0"
"fut17_5272","full_transfermarkt_4754","1.0"
"fut17_985","full_transfermarkt_313","1.0"
"fut17_11490","full_transfermarkt_5170","1.0"
"fut17_7482","full_transfermarkt_3353","1.0"
"fut17_5273","full_transfermarkt_4777","1.0"
"fut17_2389","full_transfermarkt_1842","1.0"
"fut17_326","full_transfermarkt_16","1.0"
"fut17_9056","full_transfermarkt_655","1.0"
"fut17_5271","full_transfermarkt_4767","1.0"
"fut17_1558","full_transfermarkt_2589","1.0"
"fut17_8029","full_transfermarkt_4047","1.0"
"fut17_1806","full_transfermarkt_1861","1.0"
"fut17_4952","full_transfermarkt_1703","1.0"
"fut17_152","full_transfermarkt_4456","1.0"
"fut17_8297","full_transfermarkt_2045","1.0"
"fut17_1132","full_transfermarkt_3027","1.0"
"fut17_8943","full_transfermarkt_5300","1.0"
"fut17_11102","full_transfermarkt_3237","1.0"
"fut17_5707","full_transfermarkt_2748","1.0"
"fut17_1314","full_transfermarkt_3546","1.0"
"fut17_142","full_transfermarkt_4454","1.0"
"fut17_10822","full_transfermarkt_724","1.0"
"fut17_1579","full_transfermarkt_3661","1.0"
"fut17_8037","full_transfermarkt_1873","1.0"
"fut17_3871","full_transfermarkt_2078","1.0"
"fut17_5685","full_transfermarkt_2764","1.0"
"fut17_3316","full_transfermarkt_261","1.0"
"fut17_10355","full_transfermarkt_5342","1.0"
"fut17_5275","full_transfermarkt_4764","1.0"
"fut17_8532","full_transfermarkt_5310","1.0"
"fut17_3551","full_transfermarkt_4889","1.0"
"fut17_5795","full_transfermarkt_2268","1.0"
"fut17_505","full_transfermarkt_4525","1.0"
"fut17_8990","full_transfermarkt_1076","1.0"
"fut17_10339","full_transfermarkt_5339","1.0"
"fut17_13735","full_transfermarkt_2827","1.0"
"fut17_9286","full_transfermarkt_3090","1.0"
"fut17_12203","full_transfermarkt_1762","1.0"
"fut17_3535","full_transfermarkt_3891","1.0"
"fut17_9981","full_transfermarkt_4132","1.0"
"fut17_2765","full_transfermarkt_4735","1.0"
"fut17_2246","full_transfermarkt_3634","1.0"
"fut17_6038","full_transfermarkt_4057","1.0"
"fut17_1396","full_transfermarkt_325","1.0"
"fut17_1397","full_transfermarkt_314","1.0"
"fut17_11807","full_transfermarkt_3146","1.0"
"fut17_630","full_transfermarkt_2438","1.0"
"fut17_6859","full_transfermarkt_681","1.0"
"fut17_4586","full_transfermarkt_1814","1.0"
"fut17_3917","full_transfermarkt_3774","1.0"
"fut17_3781","full_transfermarkt_2551","1.0"
"fut17_821","full_transfermarkt_4593","1.0"
"fut17_314","full_transfermarkt_15","1.0"
"fut17_849","full_transfermarkt_4597","1.0"
"fut17_3330","full_transfermarkt_643","1.0"
"fut17_9726","full_transfermarkt_431","1.0"
"fut17_902","full_transfermarkt_91","1.0"
"fut17_446","full_transfermarkt_114","1.0"
"fut17_1816","full_transfermarkt_1620","1.0"
"fut17_6897","full_transfermarkt_4319","1.0"
"fut17_1550","full_transfermarkt_4625","1.0"
"fut17_2433","full_transfermarkt_4909","1.0"
"fut17_10450","full_transfermarkt_2888","1.0"
"fut17_8070","full_transfermarkt_5082","1.0"
"fut17_738","full_transfermarkt_119","1.0"
"fut17_591","full_transfermarkt_732","1.0"
"fut17_2786","full_transfermarkt_5404","1.0"
"fut17_991","full_transfermarkt_58","1.0"
"fut17_8294","full_transfermarkt_2037","1.0"
"fut17_4832","full_transfermarkt_596","1.0"
"fut17_4833","full_transfermarkt_595","1.0"
"fut17_2616","full_transfermarkt_4795","1.0"
"fut17_11969","full_transfermarkt_2362","1.0"
"fut17_2113","full_transfermarkt_371","1.0"
"fut17_2186","full_transfermarkt_5156","1.0"
"fut17_4948","full_transfermarkt_1298","1.0"
"fut17_1315","full_transfermarkt_3548","1.0"
"fut17_11344","full_transfermarkt_937","1.0"
"fut17_2184","full_transfermarkt_4691","1.0"
"fut17_3141","full_transfermarkt_4857","1.0"
"fut17_6508","full_transfermarkt_4812","1.0"
"fut17_4857","full_transfermarkt_2002","1.0"
"fut17_3387","full_transfermarkt_4031","1.0"
"fut17_11343","full_transfermarkt_924","1.0"
"fut17_4855","full_transfermarkt_2012","1.0"
"fut17_6927","full_transfermarkt_4380","1.0"
"fut17_4854","full_transfermarkt_2011","1.0"
"fut17_1689","full_transfermarkt_1505","1.0"
"fut17_2491","full_transfermarkt_2831","1.0"
"fut17_10536","full_transfermarkt_3176","1.0"
"fut17_11164","full_transfermarkt_3149","1.0"
"fut17_7614","full_transfermarkt_473","1.0"
"fut17_7682","full_transfermarkt_2406","1.0"
"fut17_141","full_transfermarkt_4468","1.0"
"fut17_9134","full_transfermarkt_4090","1.0"
"fut17_8246","full_transfermarkt_3171","1.0"
"fut17_2771","full_transfermarkt_4740","1.0"
"fut17_11494","full_transfermarkt_4626","1.0"
"fut17_2785","full_transfermarkt_4730","1.0"
"fut17_353","full_transfermarkt_1280","1.0"
"fut17_1809","full_transfermarkt_1617","1.0"
"fut17_2682","full_transfermarkt_73","1.0"
"fut17_12600","full_transfermarkt_5298","1.0"
"fut17_9404","full_transfermarkt_1050","1.0"
"fut17_158","full_transfermarkt_4459","1.0"
"fut17_3548","full_transfermarkt_5224","1.0"
"fut17_762","full_transfermarkt_3517","1.0"
"fut17_9613","full_transfermarkt_2212","1.0"
"fut17_5699","full_transfermarkt_2579","1.0"
"fut17_1643","full_transfermarkt_555","1.0"
"fut17_2352","full_transfermarkt_4648","1.0"
"fut17_8929","full_transfermarkt_5288","1.0"
"fut17_7243","full_transfermarkt_5204","1.0"
"fut17_5034","full_transfermarkt_2429","1.0"
"fut17_1192","full_transfermarkt_1244","1.0"
"fut17_2223","full_transfermarkt_3758","1.0"
"fut17_12716","full_transfermarkt_3303","1.0"
"fut17_572","full_transfermarkt_1405","1.0"
"fut17_2763","full_transfermarkt_4720","1.0"
"fut17_7993","full_transfermarkt_885","1.0"
"fut17_3154","full_transfermarkt_4856","1.0"
"fut17_5645","full_transfermarkt_3048","1.0"
"fut17_5164","full_transfermarkt_3977","1.0"
"fut17_2457","full_transfermarkt_1846","1.0"
"fut17_553","full_transfermarkt_2540","1.0"
"fut17_1400","full_transfermarkt_320","1.0"
"fut17_7863","full_transfermarkt_5295","1.0"
"fut17_10431","full_transfermarkt_3109","1.0"
"fut17_2169","full_transfermarkt_4702","1.0"
"fut17_5051","full_transfermarkt_2734","1.0"
"fut17_3578","full_transfermarkt_1599","1.0"
"fut17_10308","full_transfermarkt_2308","1.0"
"fut17_10438","full_transfermarkt_2901","1.0"
"fut17_252","full_transfermarkt_1331","1.0"
"fut17_5882","full_transfermarkt_657","1.0"
"fut17_670","full_transfermarkt_1426","1.0"
"fut17_8985","full_transfermarkt_1069","1.0"
"fut17_546","full_transfermarkt_2975","1.0"
"fut17_423","full_transfermarkt_3640","1.0"
"fut17_1592","full_transfermarkt_3511","1.0"
"fut17_8285","full_transfermarkt_2027","1.0"
"fut17_10335","full_transfermarkt_4963","1.0"
"fut17_2394","full_transfermarkt_1351","1.0"
"fut17_6225","full_transfermarkt_1902","1.0"
"fut17_7481","full_transfermarkt_3356","1.0"
"fut17_11458","full_transfermarkt_2340","1.0"
"fut17_1445","full_transfermarkt_4863","1.0"
"fut17_1559","full_transfermarkt_2592","1.0"
"fut17_151","full_transfermarkt_4457","1.0"
"fut17_6868","full_transfermarkt_894","1.0"
"fut17_8292","full_transfermarkt_2044","1.0"
"fut17_1583","full_transfermarkt_3522","1.0"
"fut17_1147","full_transfermarkt_423","1.0"
"fut17_2862","full_transfermarkt_2463","1.0"
"fut17_9816","full_transfermarkt_1625","1.0"
"fut17_825","full_transfermarkt_4578","1.0"
"fut17_7604","full_transfermarkt_486","1.0"
"fut17_9887","full_transfermarkt_220","1.0"
"fut17_12720","full_transfermarkt_3289","1.0"
"fut17_2126","full_transfermarkt_161","1.0"
"fut17_1133","full_transfermarkt_3059","1.0"
"fut17_4840","full_transfermarkt_599","1.0"
"fut17_618","full_transfermarkt_1307","1.0"
"fut17_2612","full_transfermarkt_4654","1.0"
"fut17_11489","full_transfermarkt_5173","1.0"
"fut17_2333","full_transfermarkt_3696","1.0"
"fut17_5696","full_transfermarkt_2765","1.0"
"fut17_914","full_transfermarkt_1375","1.0"
"fut17_11346","full_transfermarkt_930","1.0"
"fut17_283","full_transfermarkt_1754","1.0"
"fut17_4128","full_transfermarkt_3858","1.0"
"fut17_9610","full_transfermarkt_2236","1.0"
"fut17_517","full_transfermarkt_2446","1.0"
"fut17_4570","full_transfermarkt_3794","1.0"
"fut17_11814","full_transfermarkt_3131","1.0"
"fut17_2428","full_transfermarkt_4900","1.0"
"fut17_1694","full_transfermarkt_2560","1.0"
"fut17_9395","full_transfermarkt_483","1.0"
"fut17_7370","full_transfermarkt_270","1.0"
"fut17_1311","full_transfermarkt_3549","1.0"
"fut17_6883","full_transfermarkt_811","1.0"
"fut17_4864","full_transfermarkt_2014","1.0"
"fut17_351","full_transfermarkt_1291","1.0"
"fut17_11166","full_transfermarkt_3346","1.0"
"fut17_1832","full_transfermarkt_4669","1.0"
"fut17_886","full_transfermarkt_104","1.0"
"fut17_7096","full_transfermarkt_4086","1.0"
"fut17_9394","full_transfermarkt_1059","1.0"
"fut17_882","full_transfermarkt_97","1.0"
"fut17_5821","full_transfermarkt_1917","1.0"
"fut17_502","full_transfermarkt_4532","1.0"
"fut17_1853","full_transfermarkt_3600","1.0"
"fut17_4860","full_transfermarkt_472","1.0"
"fut17_3158","full_transfermarkt_4871","1.0"
"fut17_8830","full_transfermarkt_5435","1.0"
"fut17_9420","full_transfermarkt_2173","1.0"
"fut17_1391","full_transfermarkt_410","1.0"
"fut17_6723","full_transfermarkt_2972","1.0"
"fut17_7637","full_transfermarkt_5136","1.0"
"fut17_7994","full_transfermarkt_624","1.0"
"fut17_2122","full_transfermarkt_3726","1.0"
"fut17_3156","full_transfermarkt_4531","1.0"
"fut17_7594","full_transfermarkt_5032","1.0"
"fut17_11972","full_transfermarkt_2360","1.0"
"fut17_8003","full_transfermarkt_798","1.0"
"fut17_895","full_transfermarkt_86","1.0"
"fut17_8855","full_transfermarkt_4852","1.0"
"fut17_1291","full_transfermarkt_2256","1.0"
"fut17_526","full_transfermarkt_1477","1.0"
"fut17_8334","full_transfermarkt_2937","1.0"
"fut17_1885","full_transfermarkt_192","1.0"
"fut17_4345","full_transfermarkt_5228","1.0"
"fut17_9331","full_transfermarkt_3000","1.0"
"fut17_7580","full_transfermarkt_5066","1.0"
"fut17_1061","full_transfermarkt_2525","1.0"
"fut17_3536","full_transfermarkt_5039","1.0"
"fut17_5814","full_transfermarkt_1926","1.0"
"fut17_4836","full_transfermarkt_644","1.0"
"fut17_1203","full_transfermarkt_2419","1.0"
"fut17_1206","full_transfermarkt_2404","1.0"
"fut17_8344","full_transfermarkt_4095","1.0"
"fut17_12215","full_transfermarkt_1963","1.0"
"fut17_4939","full_transfermarkt_1719","1.0"
"fut17_11148","full_transfermarkt_3324","1.0"
"fut17_770","full_transfermarkt_4569","1.0"
"fut17_7240","full_transfermarkt_5205","1.0"
"fut17_885","full_transfermarkt_99","1.0"
"fut17_5270","full_transfermarkt_4779","1.0"
"fut17_4595","full_transfermarkt_1851","1.0"
"fut17_3056","full_transfermarkt_4513","1.0"
"fut17_10358","full_transfermarkt_5329","1.0"
"fut17_321","full_transfermarkt_14","1.0"
"fut17_5039","full_transfermarkt_2740","1.0"
"fut17_7696","full_transfermarkt_800","1.0"
"fut17_918","full_transfermarkt_1355","1.0"
"fut17_5694","full_transfermarkt_2753","1.0"
"fut17_1586","full_transfermarkt_3530","1.0"
"fut17_3069","full_transfermarkt_4512","1.0"
"fut17_5149","full_transfermarkt_3033","1.0"
"fut17_1298","full_transfermarkt_1404","1.0"
"fut17_8302","full_transfermarkt_2029","1.0"
"fut17_1437","full_transfermarkt_265","1.0"
"fut17_8105","full_transfermarkt_543","1.0"
"fut17_9217","full_transfermarkt_5231","1.0"
"fut17_12737","full_transfermarkt_1740","1.0"
"fut17_9210","full_transfermarkt_5229","1.0"
"fut17_597","full_transfermarkt_1300","1.0"
"fut17_3476","full_transfermarkt_3934","1.0"
"fut17_2774","full_transfermarkt_4731","1.0"
"fut17_500","full_transfermarkt_4527","1.0"
"fut17_8325","full_transfermarkt_2897","1.0"
"fut17_5811","full_transfermarkt_2093","1.0"
"fut17_887","full_transfermarkt_1319","1.0"
"fut17_10345","full_transfermarkt_5337","1.0"
"fut17_7237","full_transfermarkt_5200","1.0"
"fut17_8106","full_transfermarkt_668","1.0"
"fut17_571","full_transfermarkt_48","1.0"
"fut17_5260","full_transfermarkt_4756","1.0"
"fut17_7700","full_transfermarkt_841","1.0"
"fut17_1835","full_transfermarkt_4679","1.0"
"fut17_5253","full_transfermarkt_4781","1.0"
"fut17_2369","full_transfermarkt_676","1.0"
"fut17_12735","full_transfermarkt_2332","1.0"
"fut17_2221","full_transfermarkt_3754","1.0"
"fut17_10561","full_transfermarkt_801","1.0"
"fut17_3912","full_transfermarkt_3783","1.0"
"fut17_6957","full_transfermarkt_3086","1.0"
"fut17_2417","full_transfermarkt_4924","1.0"
"fut17_12569","full_transfermarkt_1913","1.0"
"fut17_3823","full_transfermarkt_4953","1.0"
"fut17_4852","full_transfermarkt_2003","1.0"
"fut17_4127","full_transfermarkt_2933","1.0"
"fut17_9204","full_transfermarkt_5247","1.0"
"fut17_13974","full_transfermarkt_2283","1.0"
"fut17_139","full_transfermarkt_4448","1.0"
"fut17_6479","full_transfermarkt_1669","1.0"
"fut17_11812","full_transfermarkt_3134","1.0"
"fut17_3185","full_transfermarkt_4426","1.0"
"fut17_5992","full_transfermarkt_3043","1.0"
"fut17_5688","full_transfermarkt_2756","1.0"
"fut17_1278","full_transfermarkt_1407","1.0"
"fut17_8072","full_transfermarkt_5099","1.0"
"fut17_4587","full_transfermarkt_1822","1.0"
"fut17_3562","full_transfermarkt_1593","1.0"
"fut17_9802","full_transfermarkt_1967","1.0"
"fut17_5202","full_transfermarkt_3918","1.0"
"fut17_2090","full_transfermarkt_361","1.0"
"fut17_6390","full_transfermarkt_204","1.0"
"fut17_1646","full_transfermarkt_538","1.0"
"fut17_9205","full_transfermarkt_5222","1.0"
"fut17_7995","full_transfermarkt_875","1.0"
"fut17_4962","full_transfermarkt_4148","1.0"
"fut17_229","full_transfermarkt_2385","1.0"
"fut17_1063","full_transfermarkt_2512","1.0"
"fut17_1892","full_transfermarkt_65","1.0"
"fut17_1064","full_transfermarkt_2513","1.0"
"fut17_204","full_transfermarkt_3527","1.0"
"fut17_9371","full_transfermarkt_3226","1.0"
"fut17_7484","full_transfermarkt_3135","1.0"
"fut17_1303","full_transfermarkt_3531","1.0"
"fut17_2627","full_transfermarkt_4797","1.0"
"fut17_2702","full_transfermarkt_1644","1.0"
"fut17_6849","full_transfermarkt_452","1.0"
"fut17_9425","full_transfermarkt_2164","1.0"
"fut17_7613","full_transfermarkt_478","1.0"
"fut17_826","full_transfermarkt_4589","1.0"
"fut17_6545","full_transfermarkt_1921","1.0"
"fut17_643","full_transfermarkt_2422","1.0"
"fut17_11808","full_transfermarkt_3138","1.0"
"fut17_7625","full_transfermarkt_5133","1.0"
"fut17_1897","full_transfermarkt_195","1.0"
"fut17_2618","full_transfermarkt_5104","1.0"
"fut17_7850","full_transfermarkt_5005","1.0"
"fut17_1295","full_transfermarkt_1400","1.0"
"fut17_1712","full_transfermarkt_1560","1.0"
"fut17_7997","full_transfermarkt_2481","1.0"
"fut17_829","full_transfermarkt_4584","1.0"
"fut17_10340","full_transfermarkt_5335","1.0"
"fut17_143","full_transfermarkt_4463","1.0"
"fut17_11088","full_transfermarkt_2087","1.0"
"fut17_4255","full_transfermarkt_193","1.0"
"fut17_9414","full_transfermarkt_1867","1.0"
"fut17_4389","full_transfermarkt_2689","1.0"
"fut17_13731","full_transfermarkt_2855","1.0"
"fut17_12219","full_transfermarkt_2246","1.0"
"fut17_10027","full_transfermarkt_4296","1.0"
"fut17_5256","full_transfermarkt_4763","1.0"
"fut17_8223","full_transfermarkt_3395","1.0"
"fut17_340","full_transfermarkt_1294","1.0"
"fut17_11400","full_transfermarkt_5365","1.0"
"fut17_6955","full_transfermarkt_3269","1.0"
"fut17_3914","full_transfermarkt_3780","1.0"
"fut17_2128","full_transfermarkt_3734","1.0"
"fut17_149","full_transfermarkt_4877","1.0"
"fut17_9974","full_transfermarkt_4371","1.0"
"fut17_5277","full_transfermarkt_5038","1.0"
"fut17_5276","full_transfermarkt_4783","1.0"
"fut17_3584","full_transfermarkt_1596","1.0"
"fut17_2971","full_transfermarkt_1308","1.0"
"fut17_11816","full_transfermarkt_3049","1.0"
"fut17_1511","full_transfermarkt_138","1.0"
"fut17_1394","full_transfermarkt_303","1.0"
"fut17_8060","full_transfermarkt_2191","1.0"
"fut17_8568","full_transfermarkt_1993","1.0"
"fut17_1708","full_transfermarkt_1487","1.0"
"fut17_3549","full_transfermarkt_5440","1.0"
"fut17_3163","full_transfermarkt_4862","1.0"
"fut17_339","full_transfermarkt_1290","1.0"
"fut17_1274","full_transfermarkt_1406","1.0"
"fut17_931","full_transfermarkt_1999","1.0"
"fut17_8051","full_transfermarkt_2202","1.0"
"fut17_7496","full_transfermarkt_3124","1.0"
"fut17_6352","full_transfermarkt_2094","1.0"
"fut17_7252","full_transfermarkt_5325","1.0"
"fut17_801","full_transfermarkt_1226","1.0"
"fut17_1744","full_transfermarkt_191","1.0"
"fut17_3812","full_transfermarkt_4943","1.0"
"fut17_1701","full_transfermarkt_1498","1.0"
"fut17_13728","full_transfermarkt_2839","1.0"
"fut17_2430","full_transfermarkt_4908","1.0"
"fut17_2251","full_transfermarkt_3627","1.0"
"fut17_1564","full_transfermarkt_2586","1.0"
"fut17_645","full_transfermarkt_2433","1.0"
"fut17_2626","full_transfermarkt_4785","1.0"
"fut17_11159","full_transfermarkt_2997","1.0"
"fut17_4831","full_transfermarkt_597","1.0"
"fut17_4592","full_transfermarkt_2320","1.0"
"fut17_3066","full_transfermarkt_4501","1.0"
"fut17_9349","full_transfermarkt_3004","1.0"
"fut17_9335","full_transfermarkt_3002","1.0"
"fut17_4629","full_transfermarkt_277","1.0"
"fut17_776","full_transfermarkt_4901","1.0"
"fut17_3736","full_transfermarkt_2071","1.0"
"fut17_511","full_transfermarkt_4526","1.0"
"fut17_3065","full_transfermarkt_4714","1.0"
"fut17_242","full_transfermarkt_4521","1.0"
"fut17_916","full_transfermarkt_1576","1.0"
"fut17_436","full_transfermarkt_131","1.0"
"fut17_12195","full_transfermarkt_2327","1.0"
"fut17_9397","full_transfermarkt_496","1.0"
"fut17_1313","full_transfermarkt_3538","1.0"
"fut17_11967","full_transfermarkt_2364","1.0"
"fut17_4907","full_transfermarkt_1808","1.0"
"fut17_11966","full_transfermarkt_2365","1.0"
"fut17_534","full_transfermarkt_1484","1.0"
"fut17_9970","full_transfermarkt_4114","1.0"
"fut17_9273","full_transfermarkt_3094","1.0"
"fut17_501","full_transfermarkt_4548","1.0"
"fut17_4528","full_transfermarkt_4748","1.0"
"fut17_6937","full_transfermarkt_4362","1.0"
"fut17_2770","full_transfermarkt_4733","1.0"
"fut17_457","full_transfermarkt_2466","1.0"
"fut17_3541","full_transfermarkt_4874","1.0"
"fut17_598","full_transfermarkt_1321","1.0"
"fut17_967","full_transfermarkt_4670","1.0"
"fut17_504","full_transfermarkt_4545","1.0"
"fut17_2761","full_transfermarkt_4746","1.0"
"fut17_413","full_transfermarkt_3478","1.0"
"fut17_818","full_transfermarkt_4596","1.0"
"fut17_5382","full_transfermarkt_4278","1.0"
"fut17_2410","full_transfermarkt_4917","1.0"
"fut17_3730","full_transfermarkt_2061","1.0"
"fut17_4847","full_transfermarkt_1997","1.0"
"fut17_10343","full_transfermarkt_5345","1.0"
"fut17_8993","full_transfermarkt_1024","1.0"
"fut17_3732","full_transfermarkt_2075","1.0"
"fut17_6798","full_transfermarkt_2868","1.0"
"fut17_817","full_transfermarkt_4573","1.0"
"fut17_3820","full_transfermarkt_4946","1.0"
"fut17_508","full_transfermarkt_4729","1.0"
"fut17_4821","full_transfermarkt_588","1.0"
"fut17_2606","full_transfermarkt_4798","1.0"
"fut17_2699","full_transfermarkt_1370","1.0"
"fut17_3323","full_transfermarkt_615","1.0"
"fut17_524","full_transfermarkt_1474","1.0"
"fut17_1510","full_transfermarkt_456","1.0"
"fut17_1848","full_transfermarkt_4686","1.0"
"fut17_7862","full_transfermarkt_5016","1.0"
"fut17_924","full_transfermarkt_1352","1.0"
"fut17_9434","full_transfermarkt_2160","1.0"
"fut17_450","full_transfermarkt_118","1.0"
"fut17_13737","full_transfermarkt_2848","1.0"
"fut17_1216","full_transfermarkt_295","1.0"
"fut17_3892","full_transfermarkt_4249","1.0"
"fut17_5999","full_transfermarkt_3018","1.0"
"fut17_6026","full_transfermarkt_3599","1.0"
"fut17_1215","full_transfermarkt_272","1.0"
"fut17_4642","full_transfermarkt_274","1.0"
"fut17_3941","full_transfermarkt_5073","1.0"
"fut17_319","full_transfermarkt_11","1.0"
"fut17_6785","full_transfermarkt_2877","1.0"
"fut17_9195","full_transfermarkt_5468","1.0"
"fut17_2500","full_transfermarkt_183","1.0"
"fut17_3161","full_transfermarkt_4859","1.0"
"fut17_402","full_transfermarkt_4470","1.0"
"fut17_4232","full_transfermarkt_4438","1.0"
"fut17_629","full_transfermarkt_96","1.0"
"fut17_1223","full_transfermarkt_276","1.0"
"fut17_11465","full_transfermarkt_2343","1.0"
"fut17_6524","full_transfermarkt_4585","1.0"
"fut17_414","full_transfermarkt_4482","1.0"
"fut17_1652","full_transfermarkt_248","1.0"
"fut17_5041","full_transfermarkt_2732","1.0"
"fut17_7858","full_transfermarkt_5015","1.0"
"fut17_3648","full_transfermarkt_2651","1.0"
"fut17_12223","full_transfermarkt_2240","1.0"
"fut17_7842","full_transfermarkt_5007","1.0"
"fut17_334","full_transfermarkt_540","1.0"
"fut17_5745","full_transfermarkt_5115","1.0"
"fut17_3029","full_transfermarkt_1519","1.0"
"fut17_14083","full_transfermarkt_2252","1.0"
"fut17_2968","full_transfermarkt_1354","1.0"
"fut17_5788","full_transfermarkt_2271","1.0"
"fut17_9408","full_transfermarkt_155","1.0"
"fut17_11078","full_transfermarkt_1667","1.0"
"fut17_5787","full_transfermarkt_2282","1.0"
"fut17_8527","full_transfermarkt_5323","1.0"
"fut17_3767","full_transfermarkt_4028","1.0"
"fut17_209","full_transfermarkt_1201","1.0"
"fut17_744","full_transfermarkt_3710","1.0"
"fut17_6127","full_transfermarkt_2766","1.0"
"fut17_2380","full_transfermarkt_2749","1.0"
"fut17_12722","full_transfermarkt_3295","1.0"
"fut17_9054","full_transfermarkt_671","1.0"
"fut17_637","full_transfermarkt_2434","1.0"
"fut17_607","full_transfermarkt_1303","1.0"
"fut17_691","full_transfermarkt_3590","1.0"
"fut17_11473","full_transfermarkt_2323","1.0"
"fut17_2617","full_transfermarkt_4806","1.0"
"fut17_1438","full_transfermarkt_206","1.0"
"fut17_6788","full_transfermarkt_3249","1.0"
"fut17_945","full_transfermarkt_2394","1.0"
"fut17_84","full_transfermarkt_4464","1.0"
"fut17_8221","full_transfermarkt_3057","1.0"
"fut17_1053","full_transfermarkt_2508","1.0"
"fut17_248","full_transfermarkt_1342","1.0"
"fut17_3213","full_transfermarkt_2772","1.0"
"fut17_1141","full_transfermarkt_21","1.0"
"fut17_2695","full_transfermarkt_2543","1.0"
"fut17_490","full_transfermarkt_4534","1.0"
"fut17_8994","full_transfermarkt_626","1.0"
"fut17_8931","full_transfermarkt_5289","1.0"
"fut17_494","full_transfermarkt_4514","1.0"
"fut17_3188","full_transfermarkt_3802","1.0"
"fut17_755","full_transfermarkt_4549","1.0"
"fut17_6935","full_transfermarkt_4347","1.0"
"fut17_1780","full_transfermarkt_1545","1.0"
"fut17_3824","full_transfermarkt_4933","1.0"
"fut17_2728","full_transfermarkt_2034","1.0"
"fut17_704","full_transfermarkt_1434","1.0"
"fut17_3223","full_transfermarkt_3224","1.0"
"fut17_169","full_transfermarkt_1262","1.0"
"fut17_9339","full_transfermarkt_2430","1.0"
"fut17_8064","full_transfermarkt_5084","1.0"
"fut17_10424","full_transfermarkt_2799","1.0"
"fut17_6004","full_transfermarkt_3026","1.0"
"fut17_3772","full_transfermarkt_2561","1.0"
"fut17_8007","full_transfermarkt_856","1.0"
"fut17_900","full_transfermarkt_87","1.0"
"fut17_6003","full_transfermarkt_3037","1.0"
"fut17_10583","full_transfermarkt_4190","1.0"
"fut17_2777","full_transfermarkt_1829","1.0"
"fut17_1915","full_transfermarkt_2583","1.0"
"fut17_3829","full_transfermarkt_4936","1.0"
"fut17_1229","full_transfermarkt_293","1.0"
"fut17_1226","full_transfermarkt_296","1.0"
"fut17_2781","full_transfermarkt_4739","1.0"
"fut17_10480","full_transfermarkt_987","1.0"
"fut17_1237","full_transfermarkt_287","1.0"
"fut17_1222","full_transfermarkt_288","1.0"
"fut17_4179","full_transfermarkt_4981","1.0"
"fut17_5888","full_transfermarkt_652","1.0"
"fut17_1642","full_transfermarkt_247","1.0"
"fut17_9158","full_transfermarkt_4009","1.0"
"fut17_8287","full_transfermarkt_2024","1.0"
"fut17_1191","full_transfermarkt_2417","1.0"
"fut17_1076","full_transfermarkt_2514","1.0"
"fut17_3532","full_transfermarkt_5067","1.0"
"fut17_3057","full_transfermarkt_4504","1.0"
"fut17_13733","full_transfermarkt_2842","1.0"
"fut17_737","full_transfermarkt_1643","1.0"
"fut17_919","full_transfermarkt_1380","1.0"
"fut17_5748","full_transfermarkt_5123","1.0"
"fut17_11044","full_transfermarkt_1940","1.0"
"fut17_1597","full_transfermarkt_3507","1.0"
"fut17_519","full_transfermarkt_3666","1.0"
"fut17_9663","full_transfermarkt_2215","1.0"
"fut17_681","full_transfermarkt_3591","1.0"
"fut17_2364","full_transfermarkt_308","1.0"
"fut17_2241","full_transfermarkt_3639","1.0"
"fut17_2677","full_transfermarkt_182","1.0"
"fut17_4221","full_transfermarkt_2107","1.0"
"fut17_2792","full_transfermarkt_391","1.0"
"fut17_2034","full_transfermarkt_3674","1.0"
"fut17_3998","full_transfermarkt_2969","1.0"
"fut17_6474","full_transfermarkt_2070","1.0"
"fut17_10465","full_transfermarkt_703","1.0"
"fut17_11460","full_transfermarkt_2335","1.0"
"fut17_7868","full_transfermarkt_5011","1.0"
"fut17_2363","full_transfermarkt_418","1.0"
"fut17_1189","full_transfermarkt_2397","1.0"
"fut17_13552","full_transfermarkt_2156","1.0"
"fut17_3700","full_transfermarkt_2751","1.0"
"fut17_11813","full_transfermarkt_3141","1.0"
"fut17_3778","full_transfermarkt_2562","1.0"
"fut17_722","full_transfermarkt_234","1.0"
"fut17_1398","full_transfermarkt_2851","1.0"
"fut17_5798","full_transfermarkt_2280","1.0"
"fut17_3027","full_transfermarkt_1922","1.0"
"fut17_10677","full_transfermarkt_5002","1.0"
"fut17_7869","full_transfermarkt_4991","1.0"
"fut17_2119","full_transfermarkt_3716","1.0"
"fut17_634","full_transfermarkt_2432","1.0"
"fut17_463","full_transfermarkt_3573","1.0"
"fut17_8539","full_transfermarkt_5324","1.0"
"fut17_4354","full_transfermarkt_5062","1.0"
"fut17_1443","full_transfermarkt_1729","1.0"
"fut17_11510","full_transfermarkt_5162","1.0"
"fut17_7248","full_transfermarkt_5363","1.0"
"fut17_3821","full_transfermarkt_4947","1.0"
"fut17_10563","full_transfermarkt_381","1.0"
"fut17_11823","full_transfermarkt_3143","1.0"
"fut17_1393","full_transfermarkt_2467","1.0"
"fut17_11252","full_transfermarkt_735","1.0"
"fut17_5744","full_transfermarkt_4640","1.0"
"fut17_8772","full_transfermarkt_3114","1.0"
"fut17_2405","full_transfermarkt_1881","1.0"
"fut17_7609","full_transfermarkt_477","1.0"
"fut17_6033","full_transfermarkt_4387","1.0"
"fut17_1200","full_transfermarkt_1232","1.0"
"fut17_840","full_transfermarkt_4575","1.0"
"fut17_1284","full_transfermarkt_1403","1.0"
"fut17_9163","full_transfermarkt_4367","1.0"
"fut17_9333","full_transfermarkt_3361","1.0"
"fut17_2106","full_transfermarkt_515","1.0"
"fut17_2784","full_transfermarkt_4727","1.0"
"fut17_8561","full_transfermarkt_76","1.0"
"fut17_11980","full_transfermarkt_2355","1.0"
"fut17_1258","full_transfermarkt_2774","1.0"
"fut17_6789","full_transfermarkt_2863","1.0"
"fut17_3884","full_transfermarkt_3898","1.0"
"fut17_1891","full_transfermarkt_1038","1.0"
"fut17_839","full_transfermarkt_4582","1.0"
"fut17_3944","full_transfermarkt_5050","1.0"
"fut17_4404","full_transfermarkt_2684","1.0"
"fut17_7855","full_transfermarkt_5001","1.0"
"fut17_1900","full_transfermarkt_216","1.0"
"fut17_7626","full_transfermarkt_5130","1.0"
"fut17_87","full_transfermarkt_3453","1.0"
"fut17_3816","full_transfermarkt_4938","1.0"
"fut17_4394","full_transfermarkt_2668","1.0"
"fut17_727","full_transfermarkt_243","1.0"
"fut17_2798","full_transfermarkt_406","1.0"
"fut17_2503","full_transfermarkt_2502","1.0"
"fut17_10832","full_transfermarkt_828","1.0"
"fut17_4481","full_transfermarkt_3826","1.0"
"fut17_6412","full_transfermarkt_1824","1.0"
"fut17_828","full_transfermarkt_4485","1.0"
"fut17_10566","full_transfermarkt_1159","1.0"
"fut17_1496","full_transfermarkt_150","1.0"
"fut17_5702","full_transfermarkt_2768","1.0"
"fut17_7086","full_transfermarkt_4442","1.0"
"fut17_2609","full_transfermarkt_4790","1.0"
"fut17_3990","full_transfermarkt_2777","1.0"
"fut17_5687","full_transfermarkt_2746","1.0"
"fut17_589","full_transfermarkt_27","1.0"
"fut17_830","full_transfermarkt_1206","1.0"
"fut17_3870","full_transfermarkt_2357","1.0"
"fut17_2974","full_transfermarkt_1689","1.0"
"fut17_3072","full_transfermarkt_4510","1.0"
"fut17_358","full_transfermarkt_1546","1.0"
"fut17_1525","full_transfermarkt_2572","1.0"
"fut17_5749","full_transfermarkt_5378","1.0"
"fut17_4397","full_transfermarkt_2723","1.0"
"fut17_1249","full_transfermarkt_2447","1.0"
"fut17_7488","full_transfermarkt_3343","1.0"
"fut17_5258","full_transfermarkt_4491","1.0"
"fut17_2354","full_transfermarkt_414","1.0"
"fut17_567","full_transfermarkt_49","1.0"
"fut17_2158","full_transfermarkt_2854","1.0"
"fut17_1553","full_transfermarkt_1848","1.0"
"fut17_9177","full_transfermarkt_185","1.0"
"fut17_8002","full_transfermarkt_873","1.0"
"fut17_5794","full_transfermarkt_2055","1.0"
"fut17_6965","full_transfermarkt_3271","1.0"
"fut17_1791","full_transfermarkt_1536","1.0"
"fut17_2692","full_transfermarkt_562","1.0"
"fut17_2357","full_transfermarkt_433","1.0"
"fut17_2343","full_transfermarkt_4480","1.0"
"fut17_642","full_transfermarkt_3182","1.0"
"fut17_11244","full_transfermarkt_2724","1.0"
"fut17_1575","full_transfermarkt_219","1.0"
"fut17_452","full_transfermarkt_125","1.0"
"fut17_7098","full_transfermarkt_4100","1.0"
"fut17_716","full_transfermarkt_1212","1.0"
"fut17_359","full_transfermarkt_1767","1.0"
"fut17_11384","full_transfermarkt_5081","1.0"
"fut17_7705","full_transfermarkt_310","1.0"
"fut17_777","full_transfermarkt_4568","1.0"
"fut17_6839","full_transfermarkt_511","1.0"
"fut17_2495","full_transfermarkt_2491","1.0"
"fut17_9422","full_transfermarkt_2222","1.0"
"fut17_2494","full_transfermarkt_2490","1.0"
"fut17_1883","full_transfermarkt_196","1.0"
"fut17_775","full_transfermarkt_4558","1.0"
"fut17_522","full_transfermarkt_1480","1.0"
"fut17_4169","full_transfermarkt_1650","1.0"
"fut17_983","full_transfermarkt_242","1.0"
"fut17_823","full_transfermarkt_4591","1.0"
"fut17_672","full_transfermarkt_1417","1.0"
"fut17_10551","full_transfermarkt_3206","1.0"
"fut17_8006","full_transfermarkt_524","1.0"
"fut17_9193","full_transfermarkt_5223","1.0"
"fut17_14084","full_transfermarkt_2064","1.0"
"fut17_3054","full_transfermarkt_4517","1.0"
"fut17_3081","full_transfermarkt_5201","1.0"
"fut17_3468","full_transfermarkt_3920","1.0"
"fut17_3557","full_transfermarkt_1605","1.0"
"fut17_5786","full_transfermarkt_2270","1.0"
"fut17_7853","full_transfermarkt_5004","1.0"
"fut17_3026","full_transfermarkt_1827","1.0"
"fut17_7844","full_transfermarkt_5258","1.0"
"fut17_427","full_transfermarkt_4472","1.0"
"fut17_1095","full_transfermarkt_3513","1.0"
"fut17_439","full_transfermarkt_227","1.0"
"fut17_548","full_transfermarkt_2538","1.0"
"fut17_8211","full_transfermarkt_3388","1.0"
"fut17_1087","full_transfermarkt_4518","1.0"
"fut17_1135","full_transfermarkt_124","1.0"
"fut17_8983","full_transfermarkt_1062","1.0"
"fut17_6503","full_transfermarkt_5257","1.0"
"fut17_247","full_transfermarkt_1344","1.0"
"fut17_11819","full_transfermarkt_2929","1.0"
"fut17_10290","full_transfermarkt_2300","1.0"
"fut17_638","full_transfermarkt_2414","1.0"
"fut17_2868","full_transfermarkt_3279","1.0"
"fut17_3825","full_transfermarkt_4949","1.0"
"fut17_971","full_transfermarkt_3551","1.0"
"fut17_6950","full_transfermarkt_3263","1.0"
"fut17_10666","full_transfermarkt_5135","1.0"
"fut17_1247","full_transfermarkt_2468","1.0"
"fut17_2326","full_transfermarkt_4451","1.0"
"fut17_1793","full_transfermarkt_1557","1.0"
"fut17_341","full_transfermarkt_1276","1.0"
"fut17_232","full_transfermarkt_1281","1.0"
"fut17_2973","full_transfermarkt_1679","1.0"
"fut17_1234","full_transfermarkt_285","1.0"
"fut17_12005","full_transfermarkt_2334","1.0"
"fut17_1901","full_transfermarkt_123","1.0"
"fut17_5732","full_transfermarkt_5126","1.0"
"fut17_2688","full_transfermarkt_819","1.0"
"fut17_1792","full_transfermarkt_1548","1.0"
"fut17_5876","full_transfermarkt_221","1.0"
"fut17_8049","full_transfermarkt_2198","1.0"
"fut17_6874","full_transfermarkt_747","1.0"
"fut17_8039","full_transfermarkt_2196","1.0"
"fut17_2283","full_transfermarkt_1586","1.0"
"fut17_2981","full_transfermarkt_1745","1.0"
"fut17_639","full_transfermarkt_2427","1.0"
"fut17_8069","full_transfermarkt_5092","1.0"
"fut17_1442","full_transfermarkt_1906","1.0"
"fut17_4223","full_transfermarkt_3956","1.0"
"fut17_4502","full_transfermarkt_3950","1.0"
"fut17_4162","full_transfermarkt_1657","1.0"
"fut17_315","full_transfermarkt_2378","1.0"
"fut17_529","full_transfermarkt_1927","1.0"
"fut17_2788","full_transfermarkt_4719","1.0"
"fut17_6870","full_transfermarkt_1111","1.0"
"fut17_633","full_transfermarkt_3728","1.0"
"fut17_6953","full_transfermarkt_3272","1.0"
"fut17_140","full_transfermarkt_4461","1.0"
"fut17_8622","full_transfermarkt_2145","1.0"
"fut17_2452","full_transfermarkt_3939","1.0"
"fut17_8067","full_transfermarkt_5096","1.0"
"fut17_489","full_transfermarkt_4474","1.0"
"fut17_2104","full_transfermarkt_527","1.0"
"fut17_11488","full_transfermarkt_1108","1.0"
"fut17_7250","full_transfermarkt_5408","1.0"
"fut17_10857","full_transfermarkt_4339","1.0"
"fut17_10091","full_transfermarkt_4385","1.0"
"fut17_527","full_transfermarkt_1470","1.0"
"fut17_2925","full_transfermarkt_4324","1.0"
"fut17_7257","full_transfermarkt_5185","1.0"
"fut17_4172","full_transfermarkt_4709","1.0"
"fut17_2120","full_transfermarkt_3741","1.0"
"fut17_11457","full_transfermarkt_2331","1.0"
"fut17_3644","full_transfermarkt_2663","1.0"
"fut17_1093","full_transfermarkt_3742","1.0"
"fut17_2979","full_transfermarkt_1692","1.0"
"fut17_769","full_transfermarkt_4559","1.0"
"fut17_7845","full_transfermarkt_5018","1.0"
"fut17_587","full_transfermarkt_39","1.0"
"fut17_10579","full_transfermarkt_4429","1.0"
"fut17_5046","full_transfermarkt_2733","1.0"
"fut17_1077","full_transfermarkt_2528","1.0"
"fut17_712","full_transfermarkt_230","1.0"
"fut17_7235","full_transfermarkt_5188","1.0"
"fut17_7236","full_transfermarkt_5189","1.0"
"fut17_732","full_transfermarkt_1231","1.0"
"fut17_8624","full_transfermarkt_3553","1.0"
"fut17_4494","full_transfermarkt_3945","1.0"
"fut17_3657","full_transfermarkt_2662","1.0"
"fut17_3889","full_transfermarkt_3899","1.0"
"fut17_860","full_transfermarkt_3534","1.0"
"fut17_3996","full_transfermarkt_2798","1.0"
"fut17_8207","full_transfermarkt_3403","1.0"
"fut17_88","full_transfermarkt_3440","1.0"
"fut17_6814","full_transfermarkt_2175","1.0"
"fut17_3326","full_transfermarkt_3960","1.0"
"fut17_574","full_transfermarkt_38","1.0"
"fut17_7624","full_transfermarkt_646","1.0"
"fut17_1866","full_transfermarkt_3605","1.0"
"fut17_2653","full_transfermarkt_4741","1.0"
"fut17_5809","full_transfermarkt_1914","1.0"
"fut17_10022","full_transfermarkt_4425","1.0"
"fut17_9452","full_transfermarkt_435","1.0"
"fut17_3062","full_transfermarkt_4522","1.0"
"fut17_594","full_transfermarkt_1316","1.0"
"fut17_2604","full_transfermarkt_4791","1.0"
"fut17_1268","full_transfermarkt_1438","1.0"
"fut17_5983","full_transfermarkt_2127","1.0"
"fut17_8941","full_transfermarkt_5282","1.0"
"fut17_431","full_transfermarkt_113","1.0"
"fut17_9069","full_transfermarkt_1028","1.0"
"fut17_585","full_transfermarkt_37","1.0"
"fut17_2509","full_transfermarkt_3209","1.0"
"fut17_8951","full_transfermarkt_5292","1.0"
"fut17_2235","full_transfermarkt_3747","1.0"
"fut17_12207","full_transfermarkt_2260","1.0"
"fut17_1310","full_transfermarkt_3544","1.0"
"fut17_3943","full_transfermarkt_4932","1.0"
"fut17_3766","full_transfermarkt_1743","1.0"
"fut17_3922","full_transfermarkt_1989","1.0"
"fut17_11381","full_transfermarkt_5380","1.0"
"fut17_5873","full_transfermarkt_663","1.0"
"fut17_5703","full_transfermarkt_3006","1.0"
"fut17_2596","full_transfermarkt_4687","1.0"
"fut17_1218","full_transfermarkt_298","1.0"
"fut17_6721","full_transfermarkt_2600","1.0"
"fut17_1405","full_transfermarkt_658","1.0"
"fut17_626","full_transfermarkt_2421","1.0"
"fut17_9067","full_transfermarkt_589","1.0"
"fut17_11160","full_transfermarkt_3332","1.0"
"fut17_2414","full_transfermarkt_4600","1.0"
"fut17_9983","full_transfermarkt_4164","1.0"
"fut17_1637","full_transfermarkt_260","1.0"
"fut17_1404","full_transfermarkt_307","1.0"
"fut17_3810","full_transfermarkt_5075","1.0"
"fut17_4087","full_transfermarkt_1539","1.0"
"fut17_1254","full_transfermarkt_2451","1.0"
"fut17_6319","full_transfermarkt_4041","1.0"
"fut17_454","full_transfermarkt_111","1.0"
"fut17_978","full_transfermarkt_59","1.0"
"fut17_2284","full_transfermarkt_1561","1.0"
"fut17_11120","full_transfermarkt_3250","1.0"
"fut17_7699","full_transfermarkt_935","1.0"
"fut17_834","full_transfermarkt_4586","1.0"
"fut17_7595","full_transfermarkt_5019","1.0"
"fut17_3068","full_transfermarkt_4509","1.0"
"fut17_1195","full_transfermarkt_2405","1.0"
"fut17_3931","full_transfermarkt_4800","1.0"
"fut17_8288","full_transfermarkt_2033","1.0"
"fut17_6961","full_transfermarkt_3281","1.0"
"fut17_5049","full_transfermarkt_2529","1.0"
"fut17_713","full_transfermarkt_232","1.0"
"fut17_3028","full_transfermarkt_1769","1.0"
"fut17_2110","full_transfermarkt_374","1.0"
"fut17_3162","full_transfermarkt_4849","1.0"
"fut17_1890","full_transfermarkt_796","1.0"
"fut17_8103","full_transfermarkt_577","1.0"
"fut17_5692","full_transfermarkt_2747","1.0"
"fut17_909","full_transfermarkt_1374","1.0"
"fut17_9409","full_transfermarkt_918","1.0"
"fut17_3058","full_transfermarkt_4519","1.0"
"fut17_5808","full_transfermarkt_1916","1.0"
"fut17_8046","full_transfermarkt_2193","1.0"
"fut17_2376","full_transfermarkt_522","1.0"
"fut17_12278","full_transfermarkt_2057","1.0"
"fut17_3827","full_transfermarkt_4738","1.0"
"fut17_2258","full_transfermarkt_3638","1.0"
"fut17_579","full_transfermarkt_36","1.0"
"fut17_9421","full_transfermarkt_2167","1.0"
"fut17_3140","full_transfermarkt_4848","1.0"
"fut17_5254","full_transfermarkt_4590","1.0"
"fut17_1320","full_transfermarkt_3533","1.0"
"fut17_1854","full_transfermarkt_3618","1.0"
"fut17_939","full_transfermarkt_63","1.0"
"fut17_3077","full_transfermarkt_5338","1.0"
"fut17_596","full_transfermarkt_1301","1.0"
"fut17_7607","full_transfermarkt_479","1.0"
"fut17_6850","full_transfermarkt_729","1.0"
"fut17_8020","full_transfermarkt_4290","1.0"
"fut17_5654","full_transfermarkt_3073","1.0"
"fut17_3831","full_transfermarkt_5217","1.0"
"fut17_6241","full_transfermarkt_1884","1.0"
"fut17_1235","full_transfermarkt_284","1.0"
"fut17_2263","full_transfermarkt_4227","1.0"
"fut17_9815","full_transfermarkt_1971","1.0"
"fut17_2967","full_transfermarkt_1680","1.0"
"fut17_493","full_transfermarkt_4544","1.0"
"fut17_5038","full_transfermarkt_2725","1.0"
"fut17_9272","full_transfermarkt_3359","1.0"
"fut17_11108","full_transfermarkt_3238","1.0"
"fut17_4132","full_transfermarkt_2681","1.0"
"fut17_3833","full_transfermarkt_4939","1.0"
"fut17_6704","full_transfermarkt_3509","1.0"
"fut17_3923","full_transfermarkt_1989","1.0"
"fut17_11515","full_transfermarkt_5171","1.0"
"fut17_7660","full_transfermarkt_4979","1.0"
"fut17_3022","full_transfermarkt_1915","1.0"
"fut17_8001","full_transfermarkt_853","1.0"
"fut17_2287","full_transfermarkt_1210","1.0"
"fut17_467","full_transfermarkt_1448","1.0"
"fut17_8628","full_transfermarkt_251","1.0"
"fut17_11800","full_transfermarkt_2342","1.0"
"fut17_4256","full_transfermarkt_2249","1.0"
"fut17_9792","full_transfermarkt_2304","1.0"
"fut17_3192","full_transfermarkt_1662","1.0"
"fut17_864","full_transfermarkt_1652","1.0"
"fut17_1354","full_transfermarkt_2643","1.0"
"fut17_3360","full_transfermarkt_4016","1.0"
"fut17_569","full_transfermarkt_31","1.0"
"fut17_844","full_transfermarkt_4587","1.0"
"fut17_1555","full_transfermarkt_2718","1.0"
"fut17_549","full_transfermarkt_2824","1.0"
"fut17_824","full_transfermarkt_4583","1.0"
"fut17_5816","full_transfermarkt_1929","1.0"
"fut17_11506","full_transfermarkt_5160","1.0"
"fut17_4348","full_transfermarkt_5278","1.0"
"fut17_6985","full_transfermarkt_5175","1.0"
"fut17_1695","full_transfermarkt_1507","1.0"
"fut17_5827","full_transfermarkt_1918","1.0"
"fut17_1567","full_transfermarkt_2608","1.0"
"fut17_11121","full_transfermarkt_3252","1.0"
"fut17_2339","full_transfermarkt_4652","1.0"
"fut17_2864","full_transfermarkt_2709","1.0"
"fut17_2867","full_transfermarkt_2696","1.0"
"fut17_8011","full_transfermarkt_879","1.0"
"fut17_9336","full_transfermarkt_3372","1.0"
"fut17_10147","full_transfermarkt_158","1.0"
"fut17_85","full_transfermarkt_3443","1.0"
"fut17_3059","full_transfermarkt_4505","1.0"
"fut17_3463","full_transfermarkt_4666","1.0"
"fut17_10613","full_transfermarkt_678","1.0"
"fut17_10545","full_transfermarkt_3169","1.0"
"fut17_8785","full_transfermarkt_2577","1.0"
"fut17_9428","full_transfermarkt_2237","1.0"
"fut17_4070","full_transfermarkt_2811","1.0"
"fut17_4853","full_transfermarkt_1537","1.0"
"fut17_448","full_transfermarkt_117","1.0"
"fut17_4340","full_transfermarkt_4718","1.0"
"fut17_13391","full_transfermarkt_5179","1.0"
"fut17_381","full_transfermarkt_3505","1.0"
"fut17_7606","full_transfermarkt_666","1.0"
"fut17_7627","full_transfermarkt_5155","1.0"
"fut17_5570","full_transfermarkt_2664","1.0"
"fut17_6233","full_transfermarkt_1894","1.0"
"fut17_8102","full_transfermarkt_551","1.0"
"fut17_10558","full_transfermarkt_795","1.0"
"fut17_5784","full_transfermarkt_2281","1.0"
"fut17_2877","full_transfermarkt_2708","1.0"
"fut17_10475","full_transfermarkt_1164","1.0"
"fut17_8328","full_transfermarkt_2949","1.0"
"fut17_2368","full_transfermarkt_424","1.0"
"fut17_1447","full_transfermarkt_1724","1.0"
"fut17_8534","full_transfermarkt_5364","1.0"
"fut17_5735","full_transfermarkt_5116","1.0"
"fut17_2660","full_transfermarkt_3647","1.0"
"fut17_811","full_transfermarkt_3570","1.0"
"fut17_2464","full_transfermarkt_4053","1.0"
"fut17_1233","full_transfermarkt_101","1.0"
"fut17_1808","full_transfermarkt_1639","1.0"
"fut17_915","full_transfermarkt_1372","1.0"
"fut17_11778","full_transfermarkt_3204","1.0"
"fut17_10353","full_transfermarkt_5352","1.0"
"fut17_499","full_transfermarkt_4541","1.0"
"fut17_8123","full_transfermarkt_3151","1.0"
"fut17_8996","full_transfermarkt_606","1.0"
"fut17_2679","full_transfermarkt_823","1.0"
"fut17_3581","full_transfermarkt_1597","1.0"
"fut17_6962","full_transfermarkt_3150","1.0"
"fut17_11168","full_transfermarkt_3142","1.0"
"fut17_2037","full_transfermarkt_4842","1.0"
"fut17_479","full_transfermarkt_1449","1.0"
"fut17_6879","full_transfermarkt_723","1.0"
"fut17_3078","full_transfermarkt_4508","1.0"
"fut17_11962","full_transfermarkt_2356","1.0"
"fut17_5153","full_transfermarkt_3967","1.0"
"fut17_13567","full_transfermarkt_2100","1.0"
"fut17_636","full_transfermarkt_2437","1.0"
"fut17_11337","full_transfermarkt_468","1.0"
"fut17_756","full_transfermarkt_4","1.0"
"fut17_3822","full_transfermarkt_4937","1.0"
"fut17_7253","full_transfermarkt_5196","1.0"
"fut17_1227","full_transfermarkt_273","1.0"
"fut17_14210","full_transfermarkt_2288","1.0"
"fut17_6221","full_transfermarkt_1893","1.0"
"fut17_7636","full_transfermarkt_5163","1.0"
"fut17_4827","full_transfermarkt_598","1.0"
"fut17_8295","full_transfermarkt_2030","1.0"
"fut17_1658","full_transfermarkt_1656","1.0"
"fut17_6787","full_transfermarkt_2884","1.0"
"fut17_2583","full_transfermarkt_3699","1.0"
"fut17_8076","full_transfermarkt_5080","1.0"
"fut17_2656","full_transfermarkt_3937","1.0"
"fut17_6009","full_transfermarkt_3039","1.0"
"fut17_12216","full_transfermarkt_2062","1.0"
"fut17_5789","full_transfermarkt_2267","1.0"
"fut17_4763","full_transfermarkt_2408","1.0"
"fut17_8984","full_transfermarkt_1089","1.0"
"fut17_403","full_transfermarkt_4492","1.0"
"fut17_867","full_transfermarkt_1569","1.0"
"fut17_5649","full_transfermarkt_3053","1.0"
"fut17_202","full_transfermarkt_1243","1.0"
"fut17_3563","full_transfermarkt_1607","1.0"
"fut17_7497","full_transfermarkt_3377","1.0"
"fut17_360","full_transfermarkt_1288","1.0"
"fut17_451","full_transfermarkt_120","1.0"
"fut17_7591","full_transfermarkt_5037","1.0"
"fut17_9413","full_transfermarkt_2101","1.0"
"fut17_6347","full_transfermarkt_2083","1.0"
"fut17_2257","full_transfermarkt_3833","1.0"
"fut17_4175","full_transfermarkt_4971","1.0"
"fut17_10423","full_transfermarkt_3116","1.0"
"fut17_192","full_transfermarkt_1239","1.0"
"fut17_2706","full_transfermarkt_2431","1.0"
"fut17_568","full_transfermarkt_45","1.0"
"fut17_4120","full_transfermarkt_3256","1.0"
"fut17_8045","full_transfermarkt_2190","1.0"
"fut17_1439","full_transfermarkt_1739","1.0"
"fut17_852","full_transfermarkt_1422","1.0"
"fut17_2943","full_transfermarkt_94","1.0"
"fut17_2280","full_transfermarkt_1571","1.0"
"fut17_9398","full_transfermarkt_1061","1.0"
"fut17_9598","full_transfermarkt_2233","1.0"
"fut17_711","full_transfermarkt_110","1.0"
"fut17_2611","full_transfermarkt_4810","1.0"
"fut17_714","full_transfermarkt_241","1.0"
"fut17_5169","full_transfermarkt_2825","1.0"
"fut17_2590","full_transfermarkt_3708","1.0"
"fut17_8529","full_transfermarkt_5312","1.0"
"fut17_3811","full_transfermarkt_4948","1.0"
"fut17_2525","full_transfermarkt_1499","1.0"
"fut17_2429","full_transfermarkt_4930","1.0"
"fut17_4600","full_transfermarkt_1806","1.0"
"fut17_2809","full_transfermarkt_399","1.0"
"fut17_5045","full_transfermarkt_2731","1.0"
"fut17_965","full_transfermarkt_5168","1.0"
"fut17_9430","full_transfermarkt_2176","1.0"
"fut17_7603","full_transfermarkt_5034","1.0"
"fut17_4242","full_transfermarkt_2457","1.0"
"fut17_9344","full_transfermarkt_3198","1.0"
"fut17_6694","full_transfermarkt_3919","1.0"
"fut17_948","full_transfermarkt_4619","1.0"
"fut17_1640","full_transfermarkt_254","1.0"
"fut17_892","full_transfermarkt_82","1.0"
"fut17_216","full_transfermarkt_3850","1.0"
"fut17_4000","full_transfermarkt_2797","1.0"
"fut17_4633","full_transfermarkt_582","1.0"
"fut17_2686","full_transfermarkt_176","1.0"
"fut17_6876","full_transfermarkt_737","1.0"
"fut17_3786","full_transfermarkt_2552","1.0"
"fut17_2607","full_transfermarkt_2804","1.0"
"fut17_1514","full_transfermarkt_146","1.0"
"fut17_6019","full_transfermarkt_3884","1.0"
"fut17_9641","full_transfermarkt_1299","1.0"
"fut17_7647","full_transfermarkt_5151","1.0"
"fut17_719","full_transfermarkt_229","1.0"
"fut17_1068","full_transfermarkt_2504","1.0"
"fut17_11253","full_transfermarkt_390","1.0"
"fut17_9018","full_transfermarkt_829","1.0"
"fut17_11472","full_transfermarkt_2329","1.0"
"fut17_2933","full_transfermarkt_2399","1.0"
"fut17_1302","full_transfermarkt_57","1.0"
"fut17_1587","full_transfermarkt_3506","1.0"
"fut17_5338","full_transfermarkt_5125","1.0"
"fut17_5305","full_transfermarkt_2154","1.0"
"fut17_6862","full_transfermarkt_888","1.0"
"fut17_1551","full_transfermarkt_2602","1.0"
"fut17_3650","full_transfermarkt_2637","1.0"
"fut17_5810","full_transfermarkt_1577","1.0"
"fut17_1194","full_transfermarkt_2471","1.0"
"fut17_2177","full_transfermarkt_4696","1.0"
"fut17_5650","full_transfermarkt_2707","1.0"
"fut17_1763","full_transfermarkt_359","1.0"
"fut17_1821","full_transfermarkt_1879","1.0"
"fut17_5998","full_transfermarkt_3045","1.0"
"fut17_2370","full_transfermarkt_425","1.0"
"fut17_6637","full_transfermarkt_1889","1.0"
"fut17_4176","full_transfermarkt_4973","1.0"
"fut17_92","full_transfermarkt_3456","1.0"
"fut17_2709","full_transfermarkt_2633","1.0"
"fut17_395","full_transfermarkt_4497","1.0"
"fut17_1787","full_transfermarkt_1534","1.0"
"fut17_3130","full_transfermarkt_105","1.0"
"fut17_611","full_transfermarkt_1304","1.0"
"fut17_10288","full_transfermarkt_2126","1.0"
"fut17_3559","full_transfermarkt_1592","1.0"
"fut17_6242","full_transfermarkt_1886","1.0"
"fut17_2473","full_transfermarkt_3718","1.0"
"fut17_7843","full_transfermarkt_5008","1.0"
"fut17_181","full_transfermarkt_1263","1.0"
"fut17_2456","full_transfermarkt_2896","1.0"
"fut17_1589","full_transfermarkt_3504","1.0"
"fut17_8932","full_transfermarkt_5281","1.0"
"fut17_9597","full_transfermarkt_2217","1.0"
"fut17_833","full_transfermarkt_4942","1.0"
"fut17_8537","full_transfermarkt_5415","1.0"
"fut17_2061","full_transfermarkt_4815","1.0"
"fut17_1895","full_transfermarkt_464","1.0"
"fut17_5738","full_transfermarkt_5114","1.0"
"fut17_6790","full_transfermarkt_2867","1.0"
"fut17_7856","full_transfermarkt_5009","1.0"
"fut17_5734","full_transfermarkt_5119","1.0"
"fut17_9200","full_transfermarkt_1945","1.0"
"fut17_10440","full_transfermarkt_2903","1.0"
"fut17_9463","full_transfermarkt_1051","1.0"
"fut17_2183","full_transfermarkt_4711","1.0"
"fut17_9406","full_transfermarkt_450","1.0"
"fut17_3992","full_transfermarkt_2785","1.0"
"fut17_11238","full_transfermarkt_3365","1.0"
"fut17_474","full_transfermarkt_1454","1.0"
"fut17_5729","full_transfermarkt_5103","1.0"
"fut17_2422","full_transfermarkt_4538","1.0"
"fut17_13667","full_transfermarkt_2318","1.0"
"fut17_9157","full_transfermarkt_4234","1.0"
"fut17_8009","full_transfermarkt_1022","1.0"
"fut17_10609","full_transfermarkt_751","1.0"
"fut17_11961","full_transfermarkt_2349","1.0"
"fut17_1127","full_transfermarkt_2769","1.0"
"fut17_323","full_transfermarkt_2459","1.0"
"fut17_2685","full_transfermarkt_488","1.0"
"fut17_3061","full_transfermarkt_4499","1.0"
"fut17_2875","full_transfermarkt_1718","1.0"
"fut17_10818","full_transfermarkt_1044","1.0"
"fut17_3046","full_transfermarkt_1855","1.0"
"fut17_11503","full_transfermarkt_5178","1.0"
"fut17_9152","full_transfermarkt_4239","1.0"
"fut17_6461","full_transfermarkt_1648","1.0"
"fut17_2013","full_transfermarkt_3671","1.0"
"fut17_5875","full_transfermarkt_1002","1.0"
"fut17_3308","full_transfermarkt_620","1.0"
"fut17_4104","full_transfermarkt_1960","1.0"
"fut17_1346","full_transfermarkt_1847","1.0"
"fut17_2527","full_transfermarkt_1529","1.0"
"fut17_11396","full_transfermarkt_5089","1.0"
"fut17_5304","full_transfermarkt_2148","1.0"
"fut17_5994","full_transfermarkt_3014","1.0"
"fut17_9778","full_transfermarkt_2096","1.0"
"fut17_193","full_transfermarkt_1240","1.0"
"fut17_11474","full_transfermarkt_2317","1.0"
"fut17_9168","full_transfermarkt_4235","1.0"
"fut17_1691","full_transfermarkt_1492","1.0"
"fut17_1500","full_transfermarkt_153","1.0"
"fut17_5303","full_transfermarkt_2137","1.0"
"fut17_8666","full_transfermarkt_4744","1.0"
"fut17_763","full_transfermarkt_4560","1.0"
"fut17_9655","full_transfermarkt_2299","1.0"
"fut17_10681","full_transfermarkt_5320","1.0"
"fut17_487","full_transfermarkt_1440","1.0"
"fut17_3806","full_transfermarkt_4935","1.0"
"fut17_1653","full_transfermarkt_3678","1.0"
"fut17_10618","full_transfermarkt_632","1.0"
"fut17_224","full_transfermarkt_2389","1.0"
"fut17_2305","full_transfermarkt_140","1.0"
"fut17_7848","full_transfermarkt_4992","1.0"
"fut17_10436","full_transfermarkt_3387","1.0"
"fut17_1669","full_transfermarkt_1241","1.0"
"fut17_8918","full_transfermarkt_4306","1.0"
"fut17_720","full_transfermarkt_1102","1.0"
"fut17_2530","full_transfermarkt_1876","1.0"
"fut17_1242","full_transfermarkt_2549","1.0"
"fut17_11240","full_transfermarkt_3188","1.0"
"fut17_1120","full_transfermarkt_2519","1.0"
"fut17_1627","full_transfermarkt_259","1.0"
"fut17_4004","full_transfermarkt_3217","1.0"
"fut17_2873","full_transfermarkt_2869","1.0"
"fut17_3543","full_transfermarkt_5165","1.0"
"fut17_211","full_transfermarkt_1228","1.0"
"fut17_1774","full_transfermarkt_1682","1.0"
"fut17_3886","full_transfermarkt_4145","1.0"
"fut17_3868","full_transfermarkt_1775","1.0"
"fut17_3926","full_transfermarkt_3913","1.0"
"fut17_117","full_transfermarkt_3473","1.0"
"fut17_240","full_transfermarkt_2382","1.0"
"fut17_473","full_transfermarkt_1442","1.0"
"fut17_5972","full_transfermarkt_2211","1.0"
"fut17_1059","full_transfermarkt_2515","1.0"
"fut17_8098","full_transfermarkt_532","1.0"
"fut17_6558","full_transfermarkt_4503","1.0"
"fut17_5819","full_transfermarkt_1923","1.0"
"fut17_10442","full_transfermarkt_2916","1.0"
"fut17_398","full_transfermarkt_4489","1.0"
"fut17_6791","full_transfermarkt_2873","1.0"
"fut17_13070","full_transfermarkt_2136","1.0"
"fut17_955","full_transfermarkt_4608","1.0"
"fut17_3774","full_transfermarkt_2554","1.0"
"fut17_12719","full_transfermarkt_3296","1.0"
"fut17_3773","full_transfermarkt_2557","1.0"
"fut17_1741","full_transfermarkt_1558","1.0"
"fut17_635","full_transfermarkt_4462","1.0"
"fut17_11483","full_transfermarkt_762","1.0"
"fut17_4977","full_transfermarkt_4423","1.0"
"fut17_11393","full_transfermarkt_5383","1.0"
"fut17_8850","full_transfermarkt_5048","1.0"
"fut17_6220","full_transfermarkt_1898","1.0"
"fut17_7254","full_transfermarkt_5198","1.0"
"fut17_3899","full_transfermarkt_3890","1.0"
"fut17_6782","full_transfermarkt_2874","1.0"
"fut17_1341","full_transfermarkt_1720","1.0"
"fut17_4513","full_transfermarkt_4793","1.0"
"fut17_6895","full_transfermarkt_4156","1.0"
"fut17_503","full_transfermarkt_5230","1.0"
"fut17_9153","full_transfermarkt_4229","1.0"
"fut17_11216","full_transfermarkt_4441","1.0"
"fut17_7590","full_transfermarkt_4931","1.0"
"fut17_1270","full_transfermarkt_1391","1.0"
"fut17_6783","full_transfermarkt_2870","1.0"
"fut17_10446","full_transfermarkt_3246","1.0"
"fut17_5825","full_transfermarkt_1731","1.0"
"fut17_2683","full_transfermarkt_687","1.0"
"fut17_3576","full_transfermarkt_1613","1.0"
"fut17_4250","full_transfermarkt_1756","1.0"
"fut17_2415","full_transfermarkt_5122","1.0"
"fut17_257","full_transfermarkt_1338","1.0"
"fut17_4563","full_transfermarkt_3799","1.0"
"fut17_8041","full_transfermarkt_2187","1.0"
"fut17_8528","full_transfermarkt_5306","1.0"
"fut17_10421","full_transfermarkt_3113","1.0"
"fut17_9202","full_transfermarkt_5395","1.0"
"fut17_1776","full_transfermarkt_1547","1.0"
"fut17_2531","full_transfermarkt_1524","1.0"
"fut17_1202","full_transfermarkt_2573","1.0"
"fut17_2719","full_transfermarkt_1277","1.0"
"fut17_401","full_transfermarkt_4529","1.0"
"fut17_8321","full_transfermarkt_3011","1.0"
"fut17_95","full_transfermarkt_1234","1.0"
"fut17_2865","full_transfermarkt_2704","1.0"
"fut17_13736","full_transfermarkt_1798","1.0"
"fut17_2361","full_transfermarkt_544","1.0"
"fut17_542","full_transfermarkt_1608","1.0"
"fut17_10542","full_transfermarkt_3168","1.0"
"fut17_10484","full_transfermarkt_986","1.0"
"fut17_180","full_transfermarkt_1252","1.0"
"fut17_4841","full_transfermarkt_607","1.0"
"fut17_6041","full_transfermarkt_3928","1.0"
"fut17_162","full_transfermarkt_1261","1.0"
"fut17_410","full_transfermarkt_3958","1.0"
"fut17_4248","full_transfermarkt_1749","1.0"
"fut17_4390","full_transfermarkt_2680","1.0"
"fut17_6856","full_transfermarkt_714","1.0"
"fut17_952","full_transfermarkt_4614","1.0"
"fut17_471","full_transfermarkt_1457","1.0"
"fut17_1834","full_transfermarkt_4681","1.0"
"fut17_9279","full_transfermarkt_3079","1.0"
"fut17_1746","full_transfermarkt_269","1.0"
"fut17_1149","full_transfermarkt_178","1.0"
"fut17_12728","full_transfermarkt_3298","1.0"
"fut17_1629","full_transfermarkt_266","1.0"
"fut17_5993","full_transfermarkt_2992","1.0"
"fut17_1663","full_transfermarkt_1552","1.0"
"fut17_9813","full_transfermarkt_1992","1.0"
"fut17_3768","full_transfermarkt_2571","1.0"
"fut17_11262","full_transfermarkt_861","1.0"
"fut17_595","full_transfermarkt_1461","1.0"
"fut17_2705","full_transfermarkt_4620","1.0"
"fut17_1454","full_transfermarkt_1725","1.0"
"fut17_599","full_transfermarkt_1297","1.0"
"fut17_4506","full_transfermarkt_4799","1.0"
"fut17_8317","full_transfermarkt_306","1.0"
"fut17_5883","full_transfermarkt_1132","1.0"
"fut17_497","full_transfermarkt_4535","1.0"
"fut17_3042","full_transfermarkt_1837","1.0"
"fut17_11495","full_transfermarkt_5158","1.0"
"fut17_2274","full_transfermarkt_1578","1.0"
"fut17_5312","full_transfermarkt_2139","1.0"
"fut17_2330","full_transfermarkt_4945","1.0"
"fut17_10279","full_transfermarkt_3816","1.0"
"fut17_4068","full_transfermarkt_2802","1.0"
"fut17_481","full_transfermarkt_4579","1.0"
"fut17_1766","full_transfermarkt_345","1.0"
"fut17_7196","full_transfermarkt_4884","1.0"
"fut17_4251","full_transfermarkt_2035","1.0"
"fut17_7088","full_transfermarkt_4424","1.0"
"fut17_125","full_transfermarkt_3472","1.0"
"fut17_13348","full_transfermarkt_2241","1.0"
"fut17_970","full_transfermarkt_4610","1.0"
"fut17_2506","full_transfermarkt_2492","1.0"
"fut17_338","full_transfermarkt_1275","1.0"
"fut17_1810","full_transfermarkt_1635","1.0"
"fut17_3721","full_transfermarkt_2056","1.0"
"fut17_6872","full_transfermarkt_753","1.0"
"fut17_7025","full_transfermarkt_1888","1.0"
"fut17_3713","full_transfermarkt_2048","1.0"
"fut17_2096","full_transfermarkt_504","1.0"
"fut17_3906","full_transfermarkt_3787","1.0"
"fut17_2673","full_transfermarkt_4247","1.0"
"fut17_8329","full_transfermarkt_3052","1.0"
"fut17_9161","full_transfermarkt_4238","1.0"
"fut17_4167","full_transfermarkt_4967","1.0"
"fut17_1060","full_transfermarkt_2686","1.0"
"fut17_3819","full_transfermarkt_4956","1.0"
"fut17_10415","full_transfermarkt_5269","1.0"
"fut17_4115","full_transfermarkt_2563","1.0"
"fut17_3807","full_transfermarkt_4944","1.0"
"fut17_3991","full_transfermarkt_2781","1.0"
"fut17_397","full_transfermarkt_4488","1.0"
"fut17_754","full_transfermarkt_4555","1.0"
"fut17_10297","full_transfermarkt_2302","1.0"
"fut17_9016","full_transfermarkt_1027","1.0"
"fut17_4174","full_transfermarkt_4984","1.0"
"fut17_774","full_transfermarkt_4563","1.0"
"fut17_7847","full_transfermarkt_4995","1.0"
"fut17_11324","full_transfermarkt_4769","1.0"
"fut17_6488","full_transfermarkt_5262","1.0"
"fut17_603","full_transfermarkt_147","1.0"
"fut17_2608","full_transfermarkt_4802","1.0"
"fut17_399","full_transfermarkt_4486","1.0"
"fut17_2913","full_transfermarkt_489","1.0"
"fut17_1075","full_transfermarkt_3186","1.0"
"fut17_346","full_transfermarkt_1279","1.0"
"fut17_3994","full_transfermarkt_2784","1.0"
"fut17_7650","full_transfermarkt_5132","1.0"
"fut17_2327","full_transfermarkt_4632","1.0"
"fut17_1507","full_transfermarkt_1386","1.0"
"fut17_943","full_transfermarkt_4606","1.0"
"fut17_2532","full_transfermarkt_1864","1.0"
"fut17_2778","full_transfermarkt_4749","1.0"
"fut17_8015","full_transfermarkt_4191","1.0"
"fut17_1624","full_transfermarkt_246","1.0"
"fut17_492","full_transfermarkt_4543","1.0"
"fut17_7032","full_transfermarkt_4116","1.0"
"fut17_4007","full_transfermarkt_2791","1.0"
"fut17_884","full_transfermarkt_3465","1.0"
"fut17_8066","full_transfermarkt_5251","1.0"
"fut17_545","full_transfermarkt_2923","1.0"
"fut17_4121","full_transfermarkt_2692","1.0"
"fut17_9154","full_transfermarkt_4246","1.0"
"fut17_11077","full_transfermarkt_2103","1.0"
"fut17_2385","full_transfermarkt_1869","1.0"
"fut17_979","full_transfermarkt_66","1.0"
"fut17_1811","full_transfermarkt_1623","1.0"
"fut17_9427","full_transfermarkt_1555","1.0"
"fut17_2397","full_transfermarkt_1857","1.0"
"fut17_4165","full_transfermarkt_4986","1.0"
"fut17_2378","full_transfermarkt_2605","1.0"
"fut17_1259","full_transfermarkt_2455","1.0"
"fut17_883","full_transfermarkt_100","1.0"
"fut17_9012","full_transfermarkt_1034","1.0"
"fut17_12206","full_transfermarkt_1937","1.0"
"fut17_2447","full_transfermarkt_2653","1.0"
"fut17_4129","full_transfermarkt_2496","1.0"
"fut17_827","full_transfermarkt_4834","1.0"
"fut17_4106","full_transfermarkt_1941","1.0"
"fut17_11117","full_transfermarkt_2809","1.0"
"fut17_1224","full_transfermarkt_279","1.0"
"fut17_5172","full_transfermarkt_4014","1.0"
"fut17_8243","full_transfermarkt_1892","1.0"
"fut17_9644","full_transfermarkt_2295","1.0"
"fut17_4098","full_transfermarkt_1805","1.0"
"fut17_578","full_transfermarkt_50","1.0"
"fut17_936","full_transfermarkt_2189","1.0"
"fut17_4240","full_transfermarkt_1556","1.0"
"fut17_9213","full_transfermarkt_5362","1.0"
"fut17_601","full_transfermarkt_1310","1.0"
"fut17_2372","full_transfermarkt_415","1.0"
"fut17_1446","full_transfermarkt_1935","1.0"
"fut17_2876","full_transfermarkt_2967","1.0"
"fut17_371","full_transfermarkt_3491","1.0"
"fut17_4392","full_transfermarkt_2672","1.0"
"fut17_4254","full_transfermarkt_1766","1.0"
"fut17_11213","full_transfermarkt_4388","1.0"
"fut17_2965","full_transfermarkt_1685","1.0"
"fut17_237","full_transfermarkt_2375","1.0"
"fut17_610","full_transfermarkt_1323","1.0"
"fut17_1281","full_transfermarkt_1382","1.0"
"fut17_9402","full_transfermarkt_707","1.0"
"fut17_4391","full_transfermarkt_2685","1.0"
"fut17_11981","full_transfermarkt_2346","1.0"
"fut17_5646","full_transfermarkt_2935","1.0"
"fut17_5656","full_transfermarkt_3080","1.0"
"fut17_8538","full_transfermarkt_5314","1.0"
"fut17_710","full_transfermarkt_225","1.0"
"fut17_304","full_transfermarkt_1475","1.0"
"fut17_1188","full_transfermarkt_2409","1.0"
"fut17_2870","full_transfermarkt_2717","1.0"
"fut17_2060","full_transfermarkt_4836","1.0"
"fut17_5584","full_transfermarkt_3795","1.0"
"fut17_7261","full_transfermarkt_5186","1.0"
"fut17_1896","full_transfermarkt_211","1.0"
"fut17_4071","full_transfermarkt_2816","1.0"
"fut17_8782","full_transfermarkt_2789","1.0"
"fut17_11328","full_transfermarkt_4208","1.0"
"fut17_576","full_transfermarkt_32","1.0"
"fut17_268","full_transfermarkt_2575","1.0"
"fut17_5739","full_transfermarkt_5121","1.0"
"fut17_10614","full_transfermarkt_1083","1.0"
"fut17_2977","full_transfermarkt_1686","1.0"
"fut17_2589","full_transfermarkt_3860","1.0"
"fut17_1696","full_transfermarkt_1491","1.0"
"fut17_11781","full_transfermarkt_2706","1.0"
"fut17_7630","full_transfermarkt_5153","1.0"
"fut17_146","full_transfermarkt_4460","1.0"
"fut17_3940","full_transfermarkt_5057","1.0"
"fut17_3863","full_transfermarkt_1787","1.0"
"fut17_12723","full_transfermarkt_2095","1.0"
"fut17_11383","full_transfermarkt_5374","1.0"
"fut17_8032","full_transfermarkt_4287","1.0"
"fut17_4261","full_transfermarkt_1761","1.0"
"fut17_8336","full_transfermarkt_2939","1.0"
"fut17_6920","full_transfermarkt_3827","1.0"
"fut17_2042","full_transfermarkt_4830","1.0"
"fut17_5686","full_transfermarkt_3041","1.0"
"fut17_4178","full_transfermarkt_4974","1.0"
"fut17_9599","full_transfermarkt_2218","1.0"
"fut17_1257","full_transfermarkt_2566","1.0"
"fut17_3036","full_transfermarkt_1835","1.0"
"fut17_8056","full_transfermarkt_1931","1.0"
"fut17_1759","full_transfermarkt_332","1.0"
"fut17_4005","full_transfermarkt_2775","1.0"
"fut17_3726","full_transfermarkt_2059","1.0"
"fut17_1287","full_transfermarkt_1387","1.0"
"fut17_9806","full_transfermarkt_1986","1.0"
"fut17_1142","full_transfermarkt_181","1.0"
"fut17_86","full_transfermarkt_3437","1.0"
"fut17_11502","full_transfermarkt_5161","1.0"
"fut17_1635","full_transfermarkt_250","1.0"
"fut17_2823","full_transfermarkt_3973","1.0"
"fut17_4602","full_transfermarkt_1810","1.0"
"fut17_14281","full_transfermarkt_2066","1.0"
"fut17_2501","full_transfermarkt_2473","1.0"
"fut17_2355","full_transfermarkt_419","1.0"
"fut17_6346","full_transfermarkt_2086","1.0"
"fut17_2337","full_transfermarkt_4637","1.0"
"fut17_302","full_transfermarkt_1575","1.0"
"fut17_8919","full_transfermarkt_4317","1.0"
"fut17_6718","full_transfermarkt_2966","1.0"
"fut17_210","full_transfermarkt_1237","1.0"
"fut17_9803","full_transfermarkt_2339","1.0"
"fut17_2863","full_transfermarkt_2701","1.0"
"fut17_9657","full_transfermarkt_1959","1.0"
"fut17_2513","full_transfermarkt_3230","1.0"
"fut17_6475","full_transfermarkt_1649","1.0"
"fut17_1047","full_transfermarkt_2507","1.0"
"fut17_573","full_transfermarkt_42","1.0"
"fut17_6706","full_transfermarkt_2978","1.0"
"fut17_9352","full_transfermarkt_3030","1.0"
"fut17_728","full_transfermarkt_3556","1.0"
"fut17_287","full_transfermarkt_1207","1.0"
"fut17_1645","full_transfermarkt_591","1.0"
"fut17_951","full_transfermarkt_2803","1.0"
"fut17_2390","full_transfermarkt_2020","1.0"
"fut17_3937","full_transfermarkt_5071","1.0"
"fut17_3738","full_transfermarkt_2047","1.0"
"fut17_7242","full_transfermarkt_1955","1.0"
"fut17_3313","full_transfermarkt_651","1.0"
"fut17_7642","full_transfermarkt_5154","1.0"
"fut17_3932","full_transfermarkt_5052","1.0"
"fut17_11395","full_transfermarkt_5361","1.0"
"fut17_3209","full_transfermarkt_2695","1.0"
"fut17_11152","full_transfermarkt_3319","1.0"
"fut17_7487","full_transfermarkt_3349","1.0"
"fut17_9789","full_transfermarkt_1637","1.0"
"fut17_2176","full_transfermarkt_4699","1.0"
"fut17_394","full_transfermarkt_4490","1.0"
"fut17_3045","full_transfermarkt_1844","1.0"
"fut17_10847","full_transfermarkt_4343","1.0"
"fut17_13526","full_transfermarkt_2291","1.0"
"fut17_4823","full_transfermarkt_608","1.0"
"fut17_1283","full_transfermarkt_1394","1.0"
"fut17_4572","full_transfermarkt_3800","1.0"
"fut17_5306","full_transfermarkt_2149","1.0"
"fut17_5175","full_transfermarkt_4151","1.0"
"fut17_779","full_transfermarkt_4551","1.0"
"fut17_10422","full_transfermarkt_3120","1.0"
"fut17_4103","full_transfermarkt_1952","1.0"
"fut17_1255","full_transfermarkt_2469","1.0"
"fut17_4173","full_transfermarkt_4976","1.0"
"fut17_6496","full_transfermarkt_5040","1.0"
"fut17_11379","full_transfermarkt_5357","1.0"
"fut17_7214","full_transfermarkt_5183","1.0"
"fut17_5700","full_transfermarkt_2998","1.0"
"fut17_9351","full_transfermarkt_2907","1.0"
"fut17_4258","full_transfermarkt_1748","1.0"
"fut17_2805","full_transfermarkt_255","1.0"
"fut17_2515","full_transfermarkt_2480","1.0"
"fut17_4112","full_transfermarkt_561","1.0"
"fut17_7021","full_transfermarkt_1533","1.0"
"fut17_4774","full_transfermarkt_334","1.0"
"fut17_7238","full_transfermarkt_5197","1.0"
"fut17_2141","full_transfermarkt_3796","1.0"
"fut17_664","full_transfermarkt_1418","1.0"
"fut17_259","full_transfermarkt_1336","1.0"
"fut17_6232","full_transfermarkt_2231","1.0"
"fut17_10426","full_transfermarkt_3344","1.0"
"fut17_2512","full_transfermarkt_2475","1.0"
"fut17_5318","full_transfermarkt_1773","1.0"
"fut17_2795","full_transfermarkt_411","1.0"
"fut17_3135","full_transfermarkt_4846","1.0"
"fut17_1244","full_transfermarkt_2458","1.0"
"fut17_6877","full_transfermarkt_741","1.0"
"fut17_11390","full_transfermarkt_5381","1.0"
"fut17_5733","full_transfermarkt_5106","1.0"
"fut17_230","full_transfermarkt_1518","1.0"
"fut17_6489","full_transfermarkt_5264","1.0"
"fut17_7239","full_transfermarkt_5193","1.0"
"fut17_11391","full_transfermarkt_5372","1.0"
"fut17_11789","full_transfermarkt_2352","1.0"
"fut17_2360","full_transfermarkt_438","1.0"
"fut17_2535","full_transfermarkt_2178","1.0"
"fut17_12257","full_transfermarkt_2315","1.0"
"fut17_3639","full_transfermarkt_2655","1.0"
"fut17_6778","full_transfermarkt_2880","1.0"
"fut17_4640","full_transfermarkt_1006","1.0"
"fut17_6878","full_transfermarkt_740","1.0"
"fut17_506","full_transfermarkt_4530","1.0"
"fut17_888","full_transfermarkt_93","1.0"
"fut17_3769","full_transfermarkt_2550","1.0"
"fut17_2502","full_transfermarkt_116","1.0"
"fut17_297","full_transfermarkt_1208","1.0"
"fut17_3874","full_transfermarkt_1776","1.0"
"fut17_6224","full_transfermarkt_1895","1.0"
"fut17_7680","full_transfermarkt_2143","1.0"
"fut17_1703","full_transfermarkt_1501","1.0"
"fut17_1444","full_transfermarkt_1727","1.0"
"fut17_465","full_transfermarkt_1451","1.0"
"fut17_5325","full_transfermarkt_2144","1.0"
"fut17_9066","full_transfermarkt_1013","1.0"
"fut17_1767","full_transfermarkt_344","1.0"
"fut17_8109","full_transfermarkt_530","1.0"
"fut17_3032","full_transfermarkt_1305","1.0"
"fut17_9005","full_transfermarkt_895","1.0"
"fut17_1636","full_transfermarkt_253","1.0"
"fut17_441","full_transfermarkt_3557","1.0"
"fut17_488","full_transfermarkt_4524","1.0"
"fut17_4102","full_transfermarkt_1610","1.0"
"fut17_2051","full_transfermarkt_4837","1.0"
"fut17_4072","full_transfermarkt_2800","1.0"
"fut17_7094","full_transfermarkt_4094","1.0"
"fut17_9167","full_transfermarkt_4232","1.0"
"fut17_2505","full_transfermarkt_2483","1.0"
"fut17_8094","full_transfermarkt_550","1.0"
"fut17_9194","full_transfermarkt_5216","1.0"
"fut17_7631","full_transfermarkt_5144","1.0"
"fut17_625","full_transfermarkt_1347","1.0"
"fut17_1493","full_transfermarkt_134","1.0"
"fut17_4399","full_transfermarkt_2690","1.0"
"fut17_8916","full_transfermarkt_4314","1.0"
"fut17_3212","full_transfermarkt_2750","1.0"
"fut17_10482","full_transfermarkt_979","1.0"
"fut17_7577","full_transfermarkt_5023","1.0"
"fut17_507","full_transfermarkt_5213","1.0"
"fut17_7586","full_transfermarkt_5026","1.0"
"fut17_11245","full_transfermarkt_3189","1.0"
"fut17_10819","full_transfermarkt_580","1.0"
"fut17_600","full_transfermarkt_1312","1.0"
"fut17_7996","full_transfermarkt_1055","1.0"
"fut17_6343","full_transfermarkt_2099","1.0"
"fut17_11345","full_transfermarkt_672","1.0"
"fut17_11455","full_transfermarkt_2338","1.0"
"fut17_662","full_transfermarkt_1415","1.0"
"fut17_408","full_transfermarkt_4483","1.0"
"fut17_3647","full_transfermarkt_2647","1.0"
"fut17_2045","full_transfermarkt_2016","1.0"
"fut17_586","full_transfermarkt_43","1.0"
"fut17_1139","full_transfermarkt_177","1.0"
"fut17_12727","full_transfermarkt_3294","1.0"
"fut17_8999","full_transfermarkt_434","1.0"
"fut17_10469","full_transfermarkt_981","1.0"
"fut17_11257","full_transfermarkt_754","1.0"
"fut17_12507","full_transfermarkt_2326","1.0"
"fut17_9007","full_transfermarkt_780","1.0"
"fut17_11548","full_transfermarkt_5064","1.0"
"fut17_348","full_transfermarkt_1289","1.0"
"fut17_2358","full_transfermarkt_4736","1.0"
"fut17_3952","full_transfermarkt_5046","1.0"
"fut17_2976","full_transfermarkt_1684","1.0"
"fut17_2605","full_transfermarkt_4805","1.0"
"fut17_2261","full_transfermarkt_4389","1.0"
"fut17_532","full_transfermarkt_1482","1.0"
"fut17_5746","full_transfermarkt_4954","1.0"
"fut17_6487","full_transfermarkt_5021","1.0"
"fut17_11505","full_transfermarkt_5167","1.0"
"fut17_498","full_transfermarkt_4537","1.0"
"fut17_2598","full_transfermarkt_4788","1.0"
"fut17_3739","full_transfermarkt_2058","1.0"
"fut17_7704","full_transfermarkt_807","1.0"
"fut17_6792","full_transfermarkt_2866","1.0"
"fut17_7852","full_transfermarkt_4998","1.0"
"fut17_766","full_transfermarkt_5210","1.0"
"fut17_7870","full_transfermarkt_5392","1.0"
"fut17_1699","full_transfermarkt_1497","1.0"
"fut17_455","full_transfermarkt_397","1.0"
"fut17_2329","full_transfermarkt_4458","1.0"
"fut17_112","full_transfermarkt_3470","1.0"
"fut17_11109","full_transfermarkt_3255","1.0"
"fut17_7643","full_transfermarkt_5131","1.0"
"fut17_2528","full_transfermarkt_1526","1.0"
"fut17_3034","full_transfermarkt_1843","1.0"
"fut17_2092","full_transfermarkt_858","1.0"
"fut17_2402","full_transfermarkt_1874","1.0"
"fut17_335","full_transfermarkt_1173","1.0"
"fut17_13443","full_transfermarkt_964","1.0"
"fut17_262","full_transfermarkt_1325","1.0"
"fut17_13446","full_transfermarkt_967","1.0"
"fut17_231","full_transfermarkt_2369","1.0"
"fut17_1524","full_transfermarkt_3518","1.0"
"fut17_263","full_transfermarkt_1314","1.0"
"fut17_234","full_transfermarkt_2390","1.0"
"fut17_3876","full_transfermarkt_2182","1.0"
"fut17_121","full_transfermarkt_3461","1.0"
"fut17_3727","full_transfermarkt_2053","1.0"
"fut17_5834","full_transfermarkt_1912","1.0"
"fut17_8844","full_transfermarkt_5006","1.0"
"fut17_6462","full_transfermarkt_1651","1.0"
"fut17_12575","full_transfermarkt_1732","1.0"
"fut17_253","full_transfermarkt_1348","1.0"
"fut17_10553","full_transfermarkt_3183","1.0"
"fut17_11847","full_transfermarkt_61","1.0"
"fut17_2117","full_transfermarkt_244","1.0"
"fut17_11394","full_transfermarkt_5368","1.0"
"fut17_609","full_transfermarkt_4628","1.0"
"fut17_7644","full_transfermarkt_5148","1.0"
"fut17_6029","full_transfermarkt_5391","1.0"
"fut17_11697","full_transfermarkt_1551","1.0"
"fut17_537","full_transfermarkt_1852","1.0"
"fut17_1198","full_transfermarkt_2411","1.0"
"fut17_9275","full_transfermarkt_3088","1.0"
"fut17_3728","full_transfermarkt_2052","1.0"
"fut17_3716","full_transfermarkt_2076","1.0"
"fut17_3758","full_transfermarkt_4809","1.0"
"fut17_10841","full_transfermarkt_4331","1.0"
"fut17_255","full_transfermarkt_1346","1.0"
"fut17_8226","full_transfermarkt_2263","1.0"
"fut17_407","full_transfermarkt_4487","1.0"
"fut17_2335","full_transfermarkt_4658","1.0"
"fut17_8090","full_transfermarkt_311","1.0"
"fut17_2046","full_transfermarkt_4827","1.0"
"fut17_938","full_transfermarkt_2461","1.0"
"fut17_3724","full_transfermarkt_2060","1.0"
"fut17_4160","full_transfermarkt_4965","1.0"
"fut17_6719","full_transfermarkt_2976","1.0"
"fut17_4234","full_transfermarkt_2121","1.0"
"fut17_1628","full_transfermarkt_400","1.0"
"fut17_328","full_transfermarkt_5","1.0"
"fut17_1847","full_transfermarkt_4662","1.0"
"fut17_313","full_transfermarkt_8","1.0"
"fut17_8113","full_transfermarkt_1098","1.0"
"fut17_8910","full_transfermarkt_4312","1.0"
"fut17_2292","full_transfermarkt_1738","1.0"
"fut17_10468","full_transfermarkt_983","1.0"
"fut17_8101","full_transfermarkt_529","1.0"
"fut17_9006","full_transfermarkt_942","1.0"
"fut17_2182","full_transfermarkt_4712","1.0"
"fut17_5269","full_transfermarkt_4752","1.0"
"fut17_11818","full_transfermarkt_2887","1.0"
"fut17_5308","full_transfermarkt_1969","1.0"
"fut17_4183","full_transfermarkt_4977","1.0"
"fut17_10447","full_transfermarkt_2908","1.0"
"fut17_148","full_transfermarkt_4466","1.0"
"fut17_7576","full_transfermarkt_4570","1.0"
"fut17_3891","full_transfermarkt_3931","1.0"
"fut17_9283","full_transfermarkt_3273","1.0"
"fut17_11793","full_transfermarkt_2232","1.0"
"fut17_11104","full_transfermarkt_3253","1.0"
"fut17_345","full_transfermarkt_1273","1.0"
"fut17_7083","full_transfermarkt_4107","1.0"
"fut17_165","full_transfermarkt_1266","1.0"
"fut17_1802","full_transfermarkt_1341","1.0"
"fut17_8533","full_transfermarkt_5313","1.0"
"fut17_1822","full_transfermarkt_1642","1.0"
"fut17_1709","full_transfermarkt_1488","1.0"
"fut17_2601","full_transfermarkt_4796","1.0"
"fut17_12712","full_transfermarkt_3302","1.0"
"fut17_2105","full_transfermarkt_367","1.0"
"fut17_3146","full_transfermarkt_4851","1.0"
"fut17_9271","full_transfermarkt_3383","1.0"
"fut17_9334","full_transfermarkt_2999","1.0"
"fut17_9411","full_transfermarkt_926","1.0"
"fut17_2406","full_transfermarkt_1868","1.0"
"fut17_1305","full_transfermarkt_3552","1.0"
"fut17_6511","full_transfermarkt_5270","1.0"
"fut17_12725","full_transfermarkt_3311","1.0"
"fut17_251","full_transfermarkt_1337","1.0"
"fut17_5697","full_transfermarkt_3022","1.0"
"fut17_2529","full_transfermarkt_1511","1.0"
"fut17_278","full_transfermarkt_1200","1.0"
"fut17_459","full_transfermarkt_1452","1.0"
"fut17_1870","full_transfermarkt_3609","1.0"
"fut17_4575","full_transfermarkt_3812","1.0"
"fut17_4171","full_transfermarkt_4989","1.0"
"fut17_349","full_transfermarkt_1490","1.0"
"fut17_267","full_transfermarkt_1345","1.0"
"fut17_6491","full_transfermarkt_5260","1.0"
"fut17_3030","full_transfermarkt_1840","1.0"
"fut17_1062","full_transfermarkt_2462","1.0"
"fut17_3217","full_transfermarkt_3064","1.0"
"fut17_1273","full_transfermarkt_1381","1.0"
"fut17_761","full_transfermarkt_4566","1.0"
"fut17_309","full_transfermarkt_2","1.0"
"fut17_2053","full_transfermarkt_4813","1.0"
"fut17_2434","full_transfermarkt_4902","1.0"
"fut17_2175","full_transfermarkt_4705","1.0"
"fut17_185","full_transfermarkt_1464","1.0"
"fut17_8059","full_transfermarkt_2204","1.0"
"fut17_2050","full_transfermarkt_4940","1.0"
"fut17_5831","full_transfermarkt_1932","1.0"
"fut17_2803","full_transfermarkt_404","1.0"
"fut17_3845","full_transfermarkt_896","1.0"
"fut17_2806","full_transfermarkt_413","1.0"
"fut17_7575","full_transfermarkt_5031","1.0"
"fut17_7587","full_transfermarkt_5035","1.0"
"fut17_4259","full_transfermarkt_1768","1.0"
"fut17_9274","full_transfermarkt_3076","1.0"
"fut17_7617","full_transfermarkt_484","1.0"
"fut17_10441","full_transfermarkt_2693","1.0"
"fut17_3545","full_transfermarkt_4876","1.0"
"fut17_4830","full_transfermarkt_592","1.0"
"fut17_8096","full_transfermarkt_539","1.0"
"fut17_10617","full_transfermarkt_683","1.0"
"fut17_10451","full_transfermarkt_2895","1.0"
"fut17_8050","full_transfermarkt_2185","1.0"
"fut17_8212","full_transfermarkt_3077","1.0"
"fut17_771","full_transfermarkt_5003","1.0"
"fut17_11237","full_transfermarkt_3187","1.0"
"fut17_5791","full_transfermarkt_2279","1.0"
"fut17_533","full_transfermarkt_1471","1.0"
"fut17_13441","full_transfermarkt_952","1.0"
"fut17_7611","full_transfermarkt_490","1.0"
"fut17_1351","full_transfermarkt_1812","1.0"
"fut17_606","full_transfermarkt_1317","1.0"
"fut17_7615","full_transfermarkt_482","1.0"
"fut17_3895","full_transfermarkt_3900","1.0"
"fut17_11250","full_transfermarkt_2259","1.0"
"fut17_3226","full_transfermarkt_2911","1.0"
"fut17_4177","full_transfermarkt_1706","1.0"
"fut17_8085","full_transfermarkt_5078","1.0"
"fut17_114","full_transfermarkt_3466","1.0"
"fut17_2353","full_transfermarkt_4633","1.0"
"fut17_4002","full_transfermarkt_3071","1.0"
"fut17_7632","full_transfermarkt_5146","1.0"
"fut17_6460","full_transfermarkt_1666","1.0"
"fut17_4829","full_transfermarkt_603","1.0"
"fut17_3149","full_transfermarkt_4867","1.0"
"fut17_4945","full_transfermarkt_1717","1.0"
"fut17_8073","full_transfermarkt_1811","1.0"
"fut17_9348","full_transfermarkt_2996","1.0"
"fut17_925","full_transfermarkt_1865","1.0"
"fut17_164","full_transfermarkt_1376","1.0"
"fut17_10333","full_transfermarkt_5333","1.0"
"fut17_1549","full_transfermarkt_2503","1.0"
"fut17_10466","full_transfermarkt_982","1.0"
"fut17_2348","full_transfermarkt_4634","1.0"
"fut17_541","full_transfermarkt_2534","1.0"
"fut17_6793","full_transfermarkt_2859","1.0"
"fut17_1272","full_transfermarkt_1385","1.0"
"fut17_9342","full_transfermarkt_2876","1.0"
"fut17_5753","full_transfermarkt_5105","1.0"
"fut17_3885","full_transfermarkt_3903","1.0"
"fut17_1293","full_transfermarkt_1388","1.0"
"fut17_8531","full_transfermarkt_5318","1.0"
"fut17_3139","full_transfermarkt_4858","1.0"
"fut17_767","full_transfermarkt_4571","1.0"
"fut17_11408","full_transfermarkt_5358","1.0"
"fut17_905","full_transfermarkt_1359","1.0"
"fut17_5813","full_transfermarkt_1936","1.0"
"fut17_2519","full_transfermarkt_1520","1.0"
"fut17_227","full_transfermarkt_2383","1.0"
"fut17_6722","full_transfermarkt_2687","1.0"
"fut17_11149","full_transfermarkt_3334","1.0"
"fut17_7251","full_transfermarkt_5211","1.0"
"fut17_3401","full_transfermarkt_2122","1.0"
"fut17_4239","full_transfermarkt_1752","1.0"
"fut17_4358","full_transfermarkt_5118","1.0"
"fut17_2240","full_transfermarkt_3571","1.0"
"fut17_10338","full_transfermarkt_5353","1.0"
"fut17_2490","full_transfermarkt_2479","1.0"
"fut17_2111","full_transfermarkt_656","1.0"
"fut17_9416","full_transfermarkt_2163","1.0"
"fut17_3134","full_transfermarkt_1696","1.0"
"fut17_1570","full_transfermarkt_2770","1.0"
"fut17_432","full_transfermarkt_3519","1.0"
"fut17_1240","full_transfermarkt_280","1.0"
"fut17_8841","full_transfermarkt_4819","1.0"
"fut17_4618","full_transfermarkt_365","1.0"
"fut17_3530","full_transfermarkt_4860","1.0"
"fut17_4247","full_transfermarkt_674","1.0"
"fut17_2436","full_transfermarkt_4915","1.0"
"fut17_5701","full_transfermarkt_2759","1.0"
"fut17_937","full_transfermarkt_2388","1.0"
"fut17_12331","full_transfermarkt_3635","1.0"
"fut17_7612","full_transfermarkt_492","1.0"
"fut17_1830","full_transfermarkt_4661","1.0"
"fut17_940","full_transfermarkt_4630","1.0"
"fut17_421","full_transfermarkt_4644","1.0"
"fut17_5028","full_transfermarkt_4893","1.0"
"fut17_2451","full_transfermarkt_2537","1.0"
"fut17_126","full_transfermarkt_3467","1.0"
"fut17_3471","full_transfermarkt_3806","1.0"
"fut17_4387","full_transfermarkt_2671","1.0"
"fut17_4218","full_transfermarkt_2115","1.0"
"fut17_667","full_transfermarkt_1468","1.0"
"fut17_157","full_transfermarkt_4465","1.0"
"fut17_2766","full_transfermarkt_4556","1.0"
"fut17_3752","full_transfermarkt_2849","1.0"
"fut17_4229","full_transfermarkt_2124","1.0"
"fut17_11335","full_transfermarkt_931","1.0"
"fut17_6724","full_transfermarkt_3234","1.0"
"fut17_608","full_transfermarkt_1296","1.0"
"fut17_980","full_transfermarkt_64","1.0"
"fut17_4182","full_transfermarkt_4966","1.0"
"fut17_3311","full_transfermarkt_636","1.0"
"fut17_11163","full_transfermarkt_3317","1.0"
"fut17_3159","full_transfermarkt_4866","1.0"
"fut17_2101","full_transfermarkt_369","1.0"
"fut17_11103","full_transfermarkt_3242","1.0"
"fut17_1842","full_transfermarkt_4685","1.0"
"fut17_2800","full_transfermarkt_407","1.0"
"fut17_1066","full_transfermarkt_2783","1.0"
"fut17_4214","full_transfermarkt_2111","1.0"
"fut17_540","full_transfermarkt_2530","1.0"
"fut17_3070","full_transfermarkt_4916","1.0"
"fut17_2444","full_transfermarkt_3823","1.0"
"fut17_11150","full_transfermarkt_3328","1.0"
"fut17_5267","full_transfermarkt_4768","1.0"
"fut17_13600","full_transfermarkt_2258","1.0"
"fut17_1697","full_transfermarkt_1496","1.0"
"fut17_238","full_transfermarkt_1502","1.0"
"fut17_2869","full_transfermarkt_2700","1.0"
"fut17_249","full_transfermarkt_1329","1.0"
"fut17_183","full_transfermarkt_1268","1.0"
"fut17_4529","full_transfermarkt_1856","1.0"
"fut17_10471","full_transfermarkt_990","1.0"
"fut17_3818","full_transfermarkt_4961","1.0"
"fut17_8927","full_transfermarkt_5293","1.0"
"fut17_2188","full_transfermarkt_4708","1.0"
"fut17_3572","full_transfermarkt_2131","1.0"
"fut17_3170","full_transfermarkt_2386","1.0"
"fut17_8928","full_transfermarkt_5280","1.0"
"fut17_2499","full_transfermarkt_2501","1.0"
"fut17_1318","full_transfermarkt_3541","1.0"
"fut17_2693","full_transfermarkt_854","1.0"
"fut17_4224","full_transfermarkt_2132","1.0"
"fut17_8998","full_transfermarkt_1007","1.0"
"fut17_199","full_transfermarkt_3525","1.0"
"fut17_3652","full_transfermarkt_2656","1.0"
"fut17_6219","full_transfermarkt_1899","1.0"
"fut17_9429","full_transfermarkt_2177","1.0"
"fut17_3658","full_transfermarkt_2638","1.0"
"fut17_551","full_transfermarkt_3665","1.0"
"fut17_290","full_transfermarkt_1221","1.0"
"fut17_2534","full_transfermarkt_1516","1.0"
"fut17_1841","full_transfermarkt_4671","1.0"
"fut17_2978","full_transfermarkt_1900","1.0"
"fut17_3531","full_transfermarkt_4896","1.0"
"fut17_993","full_transfermarkt_52","1.0"
"fut17_2420","full_transfermarkt_4922","1.0"
"fut17_992","full_transfermarkt_51","1.0"
"fut17_6938","full_transfermarkt_3701","1.0"
"fut17_3641","full_transfermarkt_2645","1.0"
"fut17_669","full_transfermarkt_4772","1.0"
"fut17_233","full_transfermarkt_2380","1.0"
"fut17_480","full_transfermarkt_1746","1.0"
"fut17_2023","full_transfermarkt_2900","1.0"
"fut17_2171","full_transfermarkt_4703","1.0"
"fut17_6494","full_transfermarkt_5445","1.0"
"fut17_10577","full_transfermarkt_4186","1.0"
"fut17_2336","full_transfermarkt_4636","1.0"
"fut17_996","full_transfermarkt_67","1.0"
"fut17_8110","full_transfermarkt_1026","1.0"
"fut17_4253","full_transfermarkt_2162","1.0"
"fut17_173","full_transfermarkt_1255","1.0"
"fut17_1837","full_transfermarkt_4667","1.0"
"fut17_5265","full_transfermarkt_4759","1.0"
"fut17_9470","full_transfermarkt_1179","1.0"
"fut17_4246","full_transfermarkt_1744","1.0"
"fut17_2600","full_transfermarkt_1995","1.0"
"fut17_8289","full_transfermarkt_1708","1.0"
"fut17_2807","full_transfermarkt_898","1.0"
"fut17_653","full_transfermarkt_1413","1.0"
"fut17_3218","full_transfermarkt_2928","1.0"
"fut17_10602","full_transfermarkt_1100","1.0"
"fut17_3920","full_transfermarkt_3785","1.0"
"fut17_6336","full_transfermarkt_4147","1.0"
"fut17_284","full_transfermarkt_1204","1.0"
"fut17_4909","full_transfermarkt_357","1.0"
"fut17_3145","full_transfermarkt_4853","1.0"
"fut17_10839","full_transfermarkt_4063","1.0"
"fut17_6780","full_transfermarkt_2858","1.0"
"fut17_138","full_transfermarkt_4467","1.0"
"fut17_10348","full_transfermarkt_5344","1.0"
"fut17_535","full_transfermarkt_1459","1.0"
"fut17_10337","full_transfermarkt_5331","1.0"
"fut17_2859","full_transfermarkt_2702","1.0"
"fut17_8530","full_transfermarkt_5307","1.0"
"fut17_6466","full_transfermarkt_1646","1.0"
"fut17_14038","full_transfermarkt_2289","1.0"
"fut17_136","full_transfermarkt_4469","1.0"
"fut17_11385","full_transfermarkt_5369","1.0"
"fut17_581","full_transfermarkt_44","1.0"
"fut17_1833","full_transfermarkt_4675","1.0"
"fut17_347","full_transfermarkt_1286","1.0"
"fut17_10555","full_transfermarkt_3177","1.0"
"fut17_12936","full_transfermarkt_2251","1.0"
"fut17_6022","full_transfermarkt_3889","1.0"
"fut17_11513","full_transfermarkt_5159","1.0"
"fut17_789","full_transfermarkt_2470","1.0"
"fut17_223","full_transfermarkt_2373","1.0"
"fut17_1388","full_transfermarkt_312","1.0"
"fut17_5693","full_transfermarkt_2497","1.0"
"fut17_13729","full_transfermarkt_2847","1.0"
"fut17_968","full_transfermarkt_5401","1.0"
"fut17_11246","full_transfermarkt_3197","1.0"
"fut17_2056","full_transfermarkt_4825","1.0"
"fut17_8835","full_transfermarkt_5029","1.0"
"fut17_3312","full_transfermarkt_208","1.0"
"fut17_2931","full_transfermarkt_4032","1.0"
"fut17_2442","full_transfermarkt_2728","1.0"
"fut17_2375","full_transfermarkt_430","1.0"
"fut17_2229","full_transfermarkt_3545","1.0"
"fut17_3527","full_transfermarkt_4887","1.0"
"fut17_6857","full_transfermarkt_907","1.0"
"fut17_631","full_transfermarkt_2484","1.0"
"fut17_13439","full_transfermarkt_1160","1.0"
"fut17_960","full_transfermarkt_4603","1.0"
"fut17_531","full_transfermarkt_1478","1.0"
"fut17_950","full_transfermarkt_4602","1.0"
"fut17_11116","full_transfermarkt_3257","1.0"
"fut17_602","full_transfermarkt_1306","1.0"
"fut17_655","full_transfermarkt_1414","1.0"
"fut17_2227","full_transfermarkt_3755","1.0"
"fut17_6855","full_transfermarkt_695","1.0"
"fut17_310","full_transfermarkt_7","1.0"
"fut17_7675","full_transfermarkt_662","1.0"
"fut17_11801","full_transfermarkt_2226","1.0"
"fut17_1323","full_transfermarkt_3773","1.0"
"fut17_6470","full_transfermarkt_1647","1.0"
"fut17_953","full_transfermarkt_4611","1.0"
"fut17_6851","full_transfermarkt_443","1.0"
"fut17_4069","full_transfermarkt_3902","1.0"
"fut17_1236","full_transfermarkt_324","1.0"
"fut17_11979","full_transfermarkt_2359","1.0"
"fut17_1758","full_transfermarkt_329","1.0"
"fut17_10586","full_transfermarkt_4199","1.0"
"fut17_8969","full_transfermarkt_3863","1.0"
"fut17_134","full_transfermarkt_4444","1.0"
"fut17_115","full_transfermarkt_3464","1.0"
"fut17_8545","full_transfermarkt_5317","1.0"
"fut17_3025","full_transfermarkt_1841","1.0"
"fut17_10347","full_transfermarkt_5356","1.0"
"fut17_648","full_transfermarkt_1427","1.0"
"fut17_649","full_transfermarkt_1428","1.0"
"fut17_8922","full_transfermarkt_4304","1.0"
"fut17_2398","full_transfermarkt_1877","1.0"
"fut17_1750","full_transfermarkt_507","1.0"
"fut17_920","full_transfermarkt_1365","1.0"
"fut17_13440","full_transfermarkt_631","1.0"
"fut17_4222","full_transfermarkt_2112","1.0"
"fut17_3719","full_transfermarkt_5017","1.0"
"fut17_10860","full_transfermarkt_3877","1.0"
"fut17_6887","full_transfermarkt_200","1.0"
"fut17_4511","full_transfermarkt_217","1.0"
"fut17_2518","full_transfermarkt_1510","1.0"
"fut17_3861","full_transfermarkt_2042","1.0"
"fut17_5835","full_transfermarkt_1920","1.0"
"fut17_6854","full_transfermarkt_891","1.0"
"fut17_9345","full_transfermarkt_2994","1.0"
"fut17_228","full_transfermarkt_2381","1.0"
"fut17_1698","full_transfermarkt_1760","1.0"
"fut17_312","full_transfermarkt_55","1.0"
"fut17_8219","full_transfermarkt_3068","1.0"
"fut17_926","full_transfermarkt_1862","1.0"
"fut17_3955","full_transfermarkt_5256","1.0"
"fut17_12225","full_transfermarkt_2239","1.0"
"fut17_406","full_transfermarkt_4479","1.0"
"fut17_5781","full_transfermarkt_1673","1.0"
"fut17_6880","full_transfermarkt_763","1.0"
"fut17_235","full_transfermarkt_2372","1.0"
"fut17_2041","full_transfermarkt_4829","1.0"
"fut17_5418","full_transfermarkt_4101","1.0"
"fut17_1898","full_transfermarkt_207","1.0"
"fut17_891","full_transfermarkt_103","1.0"
"fut17_717","full_transfermarkt_2834","1.0"
"fut17_614","full_transfermarkt_1838","1.0"
"fut17_1213","full_transfermarkt_2395","1.0"
"fut17_2492","full_transfermarkt_2500","1.0"
"fut17_782","full_transfermarkt_4572","1.0"
"fut17_721","full_transfermarkt_305","1.0"
"fut17_9214","full_transfermarkt_5237","1.0"
"fut17_10665","full_transfermarkt_5172","1.0"
"fut17_7707","full_transfermarkt_701","1.0"
"fut17_8834","full_transfermarkt_5236","1.0"
"fut17_11553","full_transfermarkt_2017","1.0"
"fut17_282","full_transfermarkt_1220","1.0"
"fut17_8914","full_transfermarkt_4309","1.0"
"fut17_673","full_transfermarkt_1410","1.0"
"fut17_1231","full_transfermarkt_292","1.0"
"fut17_2861","full_transfermarkt_2963","1.0"
"fut17_2425","full_transfermarkt_4920","1.0"
"fut17_8441","full_transfermarkt_1951","1.0"
"fut17_550","full_transfermarkt_2547","1.0"
"fut17_2507","full_transfermarkt_3110","1.0"
"fut17_942","full_transfermarkt_4623","1.0"
"fut17_4867","full_transfermarkt_2006","1.0"
"fut17_5346","full_transfermarkt_3072","1.0"
"fut17_132","full_transfermarkt_4003","1.0"
"fut17_8842","full_transfermarkt_5366","1.0"
"fut17_2412","full_transfermarkt_4615","1.0"
"fut17_8089","full_transfermarkt_541","1.0"
"fut17_8988","full_transfermarkt_353","1.0"
"fut17_2393","full_transfermarkt_1871","1.0"
"fut17_2681","full_transfermarkt_437","1.0"
"fut17_5533","full_transfermarkt_1249","1.0"
"fut17_2181","full_transfermarkt_4716","1.0"
"fut17_1211","full_transfermarkt_2396","1.0"
"fut17_11485","full_transfermarkt_520","1.0"
"fut17_383","full_transfermarkt_3497","1.0"
"fut17_3987","full_transfermarkt_2773","1.0"
"fut17_2514","full_transfermarkt_2489","1.0"
"fut17_2371","full_transfermarkt_440","1.0"
"fut17_640","full_transfermarkt_2441","1.0"
"fut17_1197","full_transfermarkt_2400","1.0"
"fut17_2044","full_transfermarkt_4835","1.0"
"fut17_3733","full_transfermarkt_2077","1.0"
"fut17_1403","full_transfermarkt_189","1.0"
"fut17_1690","full_transfermarkt_1486","1.0"
"fut17_266","full_transfermarkt_1339","1.0"
"fut17_3859","full_transfermarkt_1785","1.0"
"fut17_3642","full_transfermarkt_2667","1.0"
"fut17_6327","full_transfermarkt_3851","1.0"
"fut17_155","full_transfermarkt_4447","1.0"
"fut17_6863","full_transfermarkt_893","1.0"
"fut17_2431","full_transfermarkt_4914","1.0"
"fut17_226","full_transfermarkt_2392","1.0"
"fut17_773","full_transfermarkt_4561","1.0"
"fut17_2226","full_transfermarkt_2889","1.0"
"fut17_279","full_transfermarkt_1218","1.0"
"fut17_1852","full_transfermarkt_4663","1.0"
"fut17_11487","full_transfermarkt_508","1.0"
"fut17_1148","full_transfermarkt_190","1.0"
"fut17_123","full_transfermarkt_3477","1.0"
"fut17_8989","full_transfermarkt_1047","1.0"
"fut17_10307","full_transfermarkt_2293","1.0"
"fut17_3157","full_transfermarkt_4868","1.0"
"fut17_6934","full_transfermarkt_4092","1.0"
"fut17_9281","full_transfermarkt_3085","1.0"
"fut17_1157","full_transfermarkt_1035","1.0"
"fut17_3138","full_transfermarkt_4865","1.0"
"fut17_6860","full_transfermarkt_750","1.0"
"fut17_8099","full_transfermarkt_554","1.0"
"fut17_1788","full_transfermarkt_1833","1.0"
"fut17_4181","full_transfermarkt_4985","1.0"
"fut17_3074","full_transfermarkt_5076","1.0"
"fut17_171","full_transfermarkt_1250","1.0"
"fut17_4249","full_transfermarkt_1774","1.0"
"fut17_10299","full_transfermarkt_1839","1.0"
"fut17_1436","full_transfermarkt_3842","1.0"
"fut17_3315","full_transfermarkt_612","1.0"
"fut17_666","full_transfermarkt_1423","1.0"
"fut17_780","full_transfermarkt_4553","1.0"
"fut17_6709","full_transfermarkt_2988","1.0"
"fut17_1115","full_transfermarkt_2527","1.0"
"fut17_3606","full_transfermarkt_349","1.0"
"fut17_659","full_transfermarkt_1416","1.0"
"fut17_2418","full_transfermarkt_4904","1.0"
"fut17_8470","full_transfermarkt_316","1.0"
"fut17_10349","full_transfermarkt_5336","1.0"
"fut17_3031","full_transfermarkt_1764","1.0"
"fut17_445","full_transfermarkt_393","1.0"
"fut17_294","full_transfermarkt_1489","1.0"
"fut17_156","full_transfermarkt_5238","1.0"
"fut17_764","full_transfermarkt_1503","1.0"
"fut17_8547","full_transfermarkt_5305","1.0"
"fut17_8851","full_transfermarkt_5068","1.0"
"fut17_894","full_transfermarkt_35","1.0"
"fut17_5266","full_transfermarkt_4765","1.0"
"fut17_10582","full_transfermarkt_4443","1.0"
"fut17_1387","full_transfermarkt_300","1.0"
"fut17_8074","full_transfermarkt_5100","1.0"
"fut17_1450","full_transfermarkt_1335","1.0"
"fut17_2614","full_transfermarkt_4647","1.0"
"fut17_3654","full_transfermarkt_2654","1.0"
"fut17_254","full_transfermarkt_1328","1.0"
"fut17_4931","full_transfermarkt_1705","1.0"
"fut17_374","full_transfermarkt_3493","1.0"
"fut17_337","full_transfermarkt_1272","1.0"
"fut17_11496","full_transfermarkt_5253","1.0"
"fut17_5704","full_transfermarkt_4270","1.0"
"fut17_11113","full_transfermarkt_2682","1.0"
"fut17_6893","full_transfermarkt_4143","1.0"
"fut17_11387","full_transfermarkt_5382","1.0"
"fut17_4077","full_transfermarkt_3336","1.0"
"fut17_9606","full_transfermarkt_2129","1.0"
"fut17_387","full_transfermarkt_3494","1.0"
"fut17_2373","full_transfermarkt_465","1.0"
"fut17_6940","full_transfermarkt_4349","1.0"
"fut17_2872","full_transfermarkt_2720","1.0"
"fut17_13571","full_transfermarkt_2306","1.0"
"fut17_1560","full_transfermarkt_2594","1.0"
"fut17_1080","full_transfermarkt_2494","1.0"
"fut17_11115","full_transfermarkt_2488","1.0"
"fut17_3782","full_transfermarkt_2568","1.0"
"fut17_396","full_transfermarkt_4473","1.0"
"fut17_8091","full_transfermarkt_537","1.0"
"fut17_118","full_transfermarkt_3460","1.0"
"fut17_947","full_transfermarkt_4564","1.0"
"fut17_525","full_transfermarkt_1469","1.0"
"fut17_108","full_transfermarkt_3482","1.0"
"fut17_107","full_transfermarkt_3481","1.0"
"fut17_9776","full_transfermarkt_1568","1.0"
"fut17_7494","full_transfermarkt_2977","1.0"
"fut17_163","full_transfermarkt_1265","1.0"
"fut17_5800","full_transfermarkt_2286","1.0"
"fut17_1070","full_transfermarkt_46","1.0"
"fut17_910","full_transfermarkt_1366","1.0"
"fut17_765","full_transfermarkt_1209","1.0"
"fut17_5802","full_transfermarkt_2272","1.0"
"fut17_13732","full_transfermarkt_2883","1.0"
"fut17_8543","full_transfermarkt_5326","1.0"
"fut17_3144","full_transfermarkt_4854","1.0"
"fut17_949","full_transfermarkt_4970","1.0"
"fut17_4001","full_transfermarkt_3060","1.0"
"fut17_6037","full_transfermarkt_4427","1.0"
"fut17_7697","full_transfermarkt_677","1.0"
"fut17_3865","full_transfermarkt_1704","1.0"
"fut17_2231","full_transfermarkt_3750","1.0"
"fut17_12724","full_transfermarkt_2989","1.0"
"fut17_2399","full_transfermarkt_1875","1.0"
"fut17_241","full_transfermarkt_2377","1.0"
"fut17_2288","full_transfermarkt_1579","1.0"
"fut17_4936","full_transfermarkt_1712","1.0"
"fut17_14002","full_transfermarkt_583","1.0"
"fut17_11111","full_transfermarkt_3241","1.0"
